proposed_code,type,printed_title,stable_target_identity,source_location,status,notes
A-001,artist_spotlight,Al Jarreau,"{""artist_id"": 945, ""retained_genre_slugs"": [""blues_jazz""], ""spotify_artist_id"": ""3YR92OLKlvkK5oKNekSqXe""}",backend/scripts/catalogs/output/topspot40_master_print_catalog.html#artist-spotlight-directory,proposed_pending_gary,Proposed A-001; no printed A-xxx assignment exists.
A-002,artist_spotlight,Alabama Shakes,"{""artist_id"": 973, ""retained_genre_slugs"": [""blues_jazz""], ""spotify_artist_id"": ""16GcWuvvybAoaHr0NqT8Eh""}",backend/scripts/catalogs/output/topspot40_master_print_catalog.html#artist-spotlight-directory,proposed_pending_gary,Proposed A-002; no printed A-xxx assignment exists.
A-003,artist_spotlight,Aloe Blacc,"{""artist_id"": 986, ""retained_genre_slugs"": [""blues_jazz""], ""spotify_artist_id"": ""0AtQAehoytV7j1r4O16dRb""}",backend/scripts/catalogs/output/topspot40_master_print_catalog.html#artist-spotlight-directory,proposed_pending_gary,Proposed A-003; no printed A-xxx assignment exists.
A-004,artist_spotlight,Amy Winehouse,"{""artist_id"": 961, ""retained_genre_slugs"": [""blues_jazz""], ""spotify_artist_id"": ""6Q192DXotxtaysaqNPy5yR""}",backend/scripts/catalogs/output/topspot40_master_print_catalog.html#artist-spotlight-directory,proposed_pending_gary,Proposed A-004; no printed A-xxx assignment exists.
A-005,artist_spotlight,B.b. King,"{""artist_id"": 896, ""retained_genre_slugs"": [""blues_jazz""], ""spotify_artist_id"": ""6PAt558ZEZl0DmdXlnjMgD""}",backend/scripts/catalogs/output/topspot40_master_print_catalog.html#artist-spotlight-directory,proposed_pending_gary,Proposed A-005; no printed A-xxx assignment exists.
A-006,artist_spotlight,Bill Withers,"{""artist_id"": 228, ""retained_genre_slugs"": [""blues_jazz"", ""rnb_soul""], ""spotify_artist_id"": ""1ThoqLcyIYvZn7iWbj8fsj""}",backend/scripts/catalogs/output/topspot40_master_print_catalog.html#artist-spotlight-directory,proposed_pending_gary,Proposed A-006; no printed A-xxx assignment exists.
A-007,artist_spotlight,Buddy Guy,"{""artist_id"": 930, ""retained_genre_slugs"": [""blues_jazz""], ""spotify_artist_id"": ""2gCsNOpiBaMNh20jQ5prf0""}",backend/scripts/catalogs/output/topspot40_master_print_catalog.html#artist-spotlight-directory,proposed_pending_gary,Proposed A-007; no printed A-xxx assignment exists.
A-008,artist_spotlight,Curtis Mayfield,"{""artist_id"": 926, ""retained_genre_slugs"": [""blues_jazz""], ""spotify_artist_id"": ""2AV6XDIs32ofIJhkkDevjm""}",backend/scripts/catalogs/output/topspot40_master_print_catalog.html#artist-spotlight-directory,proposed_pending_gary,Proposed A-008; no printed A-xxx assignment exists.
A-009,artist_spotlight,Diana Krall,"{""artist_id"": 962, ""retained_genre_slugs"": [""blues_jazz""], ""spotify_artist_id"": ""5z1VAFwT35EVvCp1XlZZuL""}",backend/scripts/catalogs/output/topspot40_master_print_catalog.html#artist-spotlight-directory,proposed_pending_gary,Proposed A-009; no printed A-xxx assignment exists.
A-010,artist_spotlight,Earth Wind and Fire,"{""artist_id"": 589, ""retained_genre_slugs"": [""blues_jazz""], ""spotify_artist_id"": ""4QQgXkCYTt3BlENzhyNETg""}",backend/scripts/catalogs/output/topspot40_master_print_catalog.html#artist-spotlight-directory,proposed_pending_gary,Proposed A-010; no printed A-xxx assignment exists.
A-011,artist_spotlight,Esperanza Spalding,"{""artist_id"": 972, ""retained_genre_slugs"": [""blues_jazz""], ""spotify_artist_id"": ""5bepW5vcdRzheNc0F8lHJ5""}",backend/scripts/catalogs/output/topspot40_master_print_catalog.html#artist-spotlight-directory,proposed_pending_gary,Proposed A-011; no printed A-xxx assignment exists.
A-012,artist_spotlight,Etta James,"{""artist_id"": 563, ""retained_genre_slugs"": [""blues_jazz""], ""spotify_artist_id"": ""0iOVhN3tnSvgDbcg25JoJb""}",backend/scripts/catalogs/output/topspot40_master_print_catalog.html#artist-spotlight-directory,proposed_pending_gary,Proposed A-012; no printed A-xxx assignment exists.
A-013,artist_spotlight,Gary Clark Jr.,"{""artist_id"": 974, ""retained_genre_slugs"": [""blues_jazz""], ""spotify_artist_id"": ""01aC2ikO4Xgb2LUpf9JfKp""}",backend/scripts/catalogs/output/topspot40_master_print_catalog.html#artist-spotlight-directory,proposed_pending_gary,Proposed A-013; no printed A-xxx assignment exists.
A-014,artist_spotlight,George Benson,"{""artist_id"": 939, ""retained_genre_slugs"": [""blues_jazz""], ""spotify_artist_id"": ""4N8BwYTEC6XqykGvXXlmfv""}",backend/scripts/catalogs/output/topspot40_master_print_catalog.html#artist-spotlight-directory,proposed_pending_gary,Proposed A-014; no printed A-xxx assignment exists.
A-015,artist_spotlight,Gregory Porter,"{""artist_id"": 990, ""retained_genre_slugs"": [""blues_jazz""], ""spotify_artist_id"": ""06nevPmNVfWUXyZkccahL8""}",backend/scripts/catalogs/output/topspot40_master_print_catalog.html#artist-spotlight-directory,proposed_pending_gary,Proposed A-015; no printed A-xxx assignment exists.
A-016,artist_spotlight,Herbie Hancock,"{""artist_id"": 908, ""retained_genre_slugs"": [""blues_jazz""], ""spotify_artist_id"": ""2ZvrvbQNrHKwjT7qfGFFUW""}",backend/scripts/catalogs/output/topspot40_master_print_catalog.html#artist-spotlight-directory,proposed_pending_gary,Proposed A-016; no printed A-xxx assignment exists.
A-017,artist_spotlight,Howlin' Wolf,"{""artist_id"": 890, ""retained_genre_slugs"": [""blues_jazz""], ""spotify_artist_id"": ""0Wxy5Qka8BN9crcFkiAxSR""}",backend/scripts/catalogs/output/topspot40_master_print_catalog.html#artist-spotlight-directory,proposed_pending_gary,Proposed A-017; no printed A-xxx assignment exists.
A-018,artist_spotlight,John Coltrane,"{""artist_id"": 886, ""retained_genre_slugs"": [""blues_jazz""], ""spotify_artist_id"": ""2hGh5VOeeqimQFxqXvfCUf""}",backend/scripts/catalogs/output/topspot40_master_print_catalog.html#artist-spotlight-directory,proposed_pending_gary,Proposed A-018; no printed A-xxx assignment exists.
A-019,artist_spotlight,Kenny G,"{""artist_id"": 950, ""retained_genre_slugs"": [""blues_jazz""], ""spotify_artist_id"": ""6I3M904Y9IwgDjrQ9pANiB""}",backend/scripts/catalogs/output/topspot40_master_print_catalog.html#artist-spotlight-directory,proposed_pending_gary,Proposed A-019; no printed A-xxx assignment exists.
A-020,artist_spotlight,Lee Ritenour,"{""artist_id"": 951, ""retained_genre_slugs"": [""blues_jazz""], ""spotify_artist_id"": ""1nDqTUspmq8IXhcEZT93iq""}",backend/scripts/catalogs/output/topspot40_master_print_catalog.html#artist-spotlight-directory,proposed_pending_gary,Proposed A-020; no printed A-xxx assignment exists.
A-021,artist_spotlight,Marcus Miller,"{""artist_id"": 964, ""retained_genre_slugs"": [""blues_jazz""], ""spotify_artist_id"": ""6fmq5mv6HnduZdlTOEYBC9""}",backend/scripts/catalogs/output/topspot40_master_print_catalog.html#artist-spotlight-directory,proposed_pending_gary,Proposed A-021; no printed A-xxx assignment exists.
A-022,artist_spotlight,Marvin Gaye,"{""artist_id"": 171, ""retained_genre_slugs"": [""blues_jazz"", ""rnb_soul""], ""spotify_artist_id"": ""3koiLjNrgRTNbOwViDipeA""}",backend/scripts/catalogs/output/topspot40_master_print_catalog.html#artist-spotlight-directory,proposed_pending_gary,Proposed A-022; no printed A-xxx assignment exists.
A-023,artist_spotlight,Miles Davis,"{""artist_id"": 884, ""retained_genre_slugs"": [""blues_jazz""], ""spotify_artist_id"": ""0kbYTNQb4Pb1rPbbaF0pT4""}",backend/scripts/catalogs/output/topspot40_master_print_catalog.html#artist-spotlight-directory,proposed_pending_gary,Proposed A-023; no printed A-xxx assignment exists.
A-024,artist_spotlight,Muddy Waters,"{""artist_id"": 911, ""retained_genre_slugs"": [""blues_jazz"", ""folk_acoustic""], ""spotify_artist_id"": ""4vpDg7Y7fU982Ds30zawDA""}",backend/scripts/catalogs/output/topspot40_master_print_catalog.html#artist-spotlight-directory,proposed_pending_gary,Proposed A-024; no printed A-xxx assignment exists.
A-025,artist_spotlight,Norah Jones,"{""artist_id"": 960, ""retained_genre_slugs"": [""blues_jazz""], ""spotify_artist_id"": ""2Kx7MNY7cI1ENniW7vT30N""}",backend/scripts/catalogs/output/topspot40_master_print_catalog.html#artist-spotlight-directory,proposed_pending_gary,Proposed A-025; no printed A-xxx assignment exists.
A-026,artist_spotlight,Ray Charles,"{""artist_id"": 542, ""retained_genre_slugs"": [""blues_jazz"", ""rnb_soul""], ""spotify_artist_id"": ""1eYhYunlNJlDoQhtYBvPsi""}",backend/scripts/catalogs/output/topspot40_master_print_catalog.html#artist-spotlight-directory,proposed_pending_gary,Proposed A-026; no printed A-xxx assignment exists.
A-027,artist_spotlight,Robert Cray,"{""artist_id"": 953, ""retained_genre_slugs"": [""blues_jazz""], ""spotify_artist_id"": ""6eMlKSBFAoXVJLoeHmwKEj""}",backend/scripts/catalogs/output/topspot40_master_print_catalog.html#artist-spotlight-directory,proposed_pending_gary,Proposed A-027; no printed A-xxx assignment exists.
A-028,artist_spotlight,Robert Glasper Experiment,"{""artist_id"": 977, ""retained_genre_slugs"": [""blues_jazz""], ""spotify_artist_id"": ""5cM1PvItlR21WUyBnsdMcn""}",backend/scripts/catalogs/output/topspot40_master_print_catalog.html#artist-spotlight-directory,proposed_pending_gary,Proposed A-028; no printed A-xxx assignment exists.
A-029,artist_spotlight,Steely Dan,"{""artist_id"": 932, ""retained_genre_slugs"": [""blues_jazz""], ""spotify_artist_id"": ""6P7H3ai06vU1sGvdpBwDmE""}",backend/scripts/catalogs/output/topspot40_master_print_catalog.html#artist-spotlight-directory,proposed_pending_gary,Proposed A-029; no printed A-xxx assignment exists.
A-030,artist_spotlight,Stevie Ray Vaughan,"{""artist_id"": 957, ""retained_genre_slugs"": [""blues_jazz""], ""spotify_artist_id"": ""5fsDcuclIe8ZiBD5P787K1""}",backend/scripts/catalogs/output/topspot40_master_print_catalog.html#artist-spotlight-directory,proposed_pending_gary,Proposed A-030; no printed A-xxx assignment exists.
A-031,artist_spotlight,Stevie Wonder,"{""artist_id"": 224, ""retained_genre_slugs"": [""blues_jazz"", ""pop"", ""rnb_soul""], ""spotify_artist_id"": ""7guDJrEfX3qb6FEbdPA5qi""}",backend/scripts/catalogs/output/topspot40_master_print_catalog.html#artist-spotlight-directory,proposed_pending_gary,Proposed A-031; no printed A-xxx assignment exists.
A-032,artist_spotlight,Susan Tedeschi,"{""artist_id"": 968, ""retained_genre_slugs"": [""blues_jazz""], ""spotify_artist_id"": ""5Ws3s6lSP4Un8kQf8CrAta""}",backend/scripts/catalogs/output/topspot40_master_print_catalog.html#artist-spotlight-directory,proposed_pending_gary,Proposed A-032; no printed A-xxx assignment exists.
A-033,artist_spotlight,Sza,"{""artist_id"": 466, ""retained_genre_slugs"": [""blues_jazz"", ""rnb_soul""], ""spotify_artist_id"": ""7tYKF4w9nC0nq9CsPZTHyP""}",backend/scripts/catalogs/output/topspot40_master_print_catalog.html#artist-spotlight-directory,proposed_pending_gary,Proposed A-033; no printed A-xxx assignment exists.
A-034,artist_spotlight,Tedeschi Trucks Band,"{""artist_id"": 995, ""retained_genre_slugs"": [""blues_jazz""], ""spotify_artist_id"": ""2gFsmDBM0hkoZPmrO5EdyO""}",backend/scripts/catalogs/output/topspot40_master_print_catalog.html#artist-spotlight-directory,proposed_pending_gary,Proposed A-034; no printed A-xxx assignment exists.
A-035,artist_spotlight,The Black Keys,"{""artist_id"": 976, ""retained_genre_slugs"": [""blues_jazz"", ""rock""], ""spotify_artist_id"": ""7mnBLXK823vNxN3UWB7Gfz""}",backend/scripts/catalogs/output/topspot40_master_print_catalog.html#artist-spotlight-directory,proposed_pending_gary,Proposed A-035; no printed A-xxx assignment exists.
A-036,artist_spotlight,The Derek Trucks Band,"{""artist_id"": 970, ""retained_genre_slugs"": [""blues_jazz""], ""spotify_artist_id"": ""1YwfENKEZrowcmtR1nALZn""}",backend/scripts/catalogs/output/topspot40_master_print_catalog.html#artist-spotlight-directory,proposed_pending_gary,Proposed A-036; no printed A-xxx assignment exists.
A-037,artist_spotlight,The White Stripes,"{""artist_id"": 74, ""retained_genre_slugs"": [""blues_jazz""], ""spotify_artist_id"": ""4F84IBURUo98rz4r61KF70""}",backend/scripts/catalogs/output/topspot40_master_print_catalog.html#artist-spotlight-directory,proposed_pending_gary,Proposed A-037; no printed A-xxx assignment exists.
A-038,artist_spotlight,Alabama,"{""artist_id"": 253, ""retained_genre_slugs"": [""country""], ""spotify_artist_id"": ""6rJqqRce0Kvo2dJUXoHleC""}",backend/scripts/catalogs/output/topspot40_master_print_catalog.html#artist-spotlight-directory,proposed_pending_gary,Proposed A-038; no printed A-xxx assignment exists.
A-039,artist_spotlight,Alan Jackson,"{""artist_id"": 10, ""retained_genre_slugs"": [""country""], ""spotify_artist_id"": ""4mxWe1mtYIYfP040G38yvS""}",backend/scripts/catalogs/output/topspot40_master_print_catalog.html#artist-spotlight-directory,proposed_pending_gary,Proposed A-039; no printed A-xxx assignment exists.
A-040,artist_spotlight,Blake Shelton,"{""artist_id"": 397, ""retained_genre_slugs"": [""country""], ""spotify_artist_id"": ""1UTPBmNbXNTittyMJrNkvw""}",backend/scripts/catalogs/output/topspot40_master_print_catalog.html#artist-spotlight-directory,proposed_pending_gary,Proposed A-040; no printed A-xxx assignment exists.
A-041,artist_spotlight,Brad Paisley,"{""artist_id"": 24, ""retained_genre_slugs"": [""country""], ""spotify_artist_id"": ""13YmWQJFwgZrd4bf5IjMY4""}",backend/scripts/catalogs/output/topspot40_master_print_catalog.html#artist-spotlight-directory,proposed_pending_gary,Proposed A-041; no printed A-xxx assignment exists.
A-042,artist_spotlight,Brooks and Dunn,"{""artist_id"": 316, ""retained_genre_slugs"": [""country""], ""spotify_artist_id"": ""0XKOBt59crntr7HQXXO8Yz""}",backend/scripts/catalogs/output/topspot40_master_print_catalog.html#artist-spotlight-directory,proposed_pending_gary,Proposed A-042; no printed A-xxx assignment exists.
A-043,artist_spotlight,Buck Owens,"{""artist_id"": 145, ""retained_genre_slugs"": [""country""], ""spotify_artist_id"": ""2FMZn5P3WATd7Il6FgPJNu""}",backend/scripts/catalogs/output/topspot40_master_print_catalog.html#artist-spotlight-directory,proposed_pending_gary,Proposed A-043; no printed A-xxx assignment exists.
A-044,artist_spotlight,Chris Stapleton,"{""artist_id"": 389, ""retained_genre_slugs"": [""country""], ""spotify_artist_id"": ""4YLtscXsxbVgi031ovDDdh""}",backend/scripts/catalogs/output/topspot40_master_print_catalog.html#artist-spotlight-directory,proposed_pending_gary,Proposed A-044; no printed A-xxx assignment exists.
A-045,artist_spotlight,Dierks Bentley,"{""artist_id"": 388, ""retained_genre_slugs"": [""country""], ""spotify_artist_id"": ""7x8nK0m0cP2ksQf0mjWdPS""}",backend/scripts/catalogs/output/topspot40_master_print_catalog.html#artist-spotlight-directory,proposed_pending_gary,Proposed A-045; no printed A-xxx assignment exists.
A-046,artist_spotlight,Dolly Parton,"{""artist_id"": 208, ""retained_genre_slugs"": [""country""], ""spotify_artist_id"": ""32vWCbZh0xZ4o9gkz4PsEU""}",backend/scripts/catalogs/output/topspot40_master_print_catalog.html#artist-spotlight-directory,proposed_pending_gary,Proposed A-046; no printed A-xxx assignment exists.
A-047,artist_spotlight,Don Williams,"{""artist_id"": 217, ""retained_genre_slugs"": [""country""], ""spotify_artist_id"": ""4Ti0EKl2PVEms2NRMVGqNe""}",backend/scripts/catalogs/output/topspot40_master_print_catalog.html#artist-spotlight-directory,proposed_pending_gary,Proposed A-047; no printed A-xxx assignment exists.
A-048,artist_spotlight,Elvis Presley,"{""artist_id"": 514, ""retained_genre_slugs"": [""country"", ""pop"", ""rock""], ""spotify_artist_id"": ""43ZHCT0cAZBISjO8DG9PnE""}",backend/scripts/catalogs/output/topspot40_master_print_catalog.html#artist-spotlight-directory,proposed_pending_gary,Proposed A-048; no printed A-xxx assignment exists.
A-049,artist_spotlight,Eric Church,"{""artist_id"": 391, ""retained_genre_slugs"": [""country""], ""spotify_artist_id"": ""2IvkS5MXK0vPGnwyJsrEyV""}",backend/scripts/catalogs/output/topspot40_master_print_catalog.html#artist-spotlight-directory,proposed_pending_gary,Proposed A-049; no printed A-xxx assignment exists.
A-050,artist_spotlight,Florida Georgia Line,"{""artist_id"": 383, ""retained_genre_slugs"": [""country""], ""spotify_artist_id"": ""3b8QkneNDz4JHKKKlLgYZg""}",backend/scripts/catalogs/output/topspot40_master_print_catalog.html#artist-spotlight-directory,proposed_pending_gary,Proposed A-050; no printed A-xxx assignment exists.
A-051,artist_spotlight,George Jones,"{""artist_id"": 143, ""retained_genre_slugs"": [""country""], ""spotify_artist_id"": ""2OpqcUtj10HHvGG6h9VYC5""}",backend/scripts/catalogs/output/topspot40_master_print_catalog.html#artist-spotlight-directory,proposed_pending_gary,Proposed A-051; no printed A-xxx assignment exists.
A-052,artist_spotlight,George Strait,"{""artist_id"": 2, ""retained_genre_slugs"": [""country""], ""spotify_artist_id"": ""5vngPClqofybhPERIqQMYd""}",backend/scripts/catalogs/output/topspot40_master_print_catalog.html#artist-spotlight-directory,proposed_pending_gary,Proposed A-052; no printed A-xxx assignment exists.
A-053,artist_spotlight,Glen Campbell,"{""artist_id"": 152, ""retained_genre_slugs"": [""country""], ""spotify_artist_id"": ""59hLmB5DrdihCYtNeFeW1U""}",backend/scripts/catalogs/output/topspot40_master_print_catalog.html#artist-spotlight-directory,proposed_pending_gary,Proposed A-053; no printed A-xxx assignment exists.
A-054,artist_spotlight,Hank Williams,"{""artist_id"": 218, ""retained_genre_slugs"": [""country""], ""spotify_artist_id"": ""1FClsNYBUoNFtGgzeG74dW""}",backend/scripts/catalogs/output/topspot40_master_print_catalog.html#artist-spotlight-directory,proposed_pending_gary,Proposed A-054; no printed A-xxx assignment exists.
A-055,artist_spotlight,Hank Williams Jr,"{""artist_id"": 264, ""retained_genre_slugs"": [""country""], ""spotify_artist_id"": ""2dyeCWctcFRt3Pha76ONgb""}",backend/scripts/catalogs/output/topspot40_master_print_catalog.html#artist-spotlight-directory,proposed_pending_gary,Proposed A-055; no printed A-xxx assignment exists.
A-056,artist_spotlight,Jason Aldean,"{""artist_id"": 387, ""retained_genre_slugs"": [""country""], ""spotify_artist_id"": ""3FfvYsEGaIb52QPXhg4DcH""}",backend/scripts/catalogs/output/topspot40_master_print_catalog.html#artist-spotlight-directory,proposed_pending_gary,Proposed A-056; no printed A-xxx assignment exists.
A-057,artist_spotlight,Jim Reeves,"{""artist_id"": 144, ""retained_genre_slugs"": [""country""], ""spotify_artist_id"": ""2Ev0e8GUIX4u7d9etNLTXg""}",backend/scripts/catalogs/output/topspot40_master_print_catalog.html#artist-spotlight-directory,proposed_pending_gary,Proposed A-057; no printed A-xxx assignment exists.
A-058,artist_spotlight,John Denver,"{""artist_id"": 197, ""retained_genre_slugs"": [""country"", ""folk_acoustic""], ""spotify_artist_id"": ""7EK1bQADBoqbYXnT4Cqv9w""}",backend/scripts/catalogs/output/topspot40_master_print_catalog.html#artist-spotlight-directory,proposed_pending_gary,Proposed A-058; no printed A-xxx assignment exists.
A-059,artist_spotlight,John Michael Montgomery,"{""artist_id"": 317, ""retained_genre_slugs"": [""country""], ""spotify_artist_id"": ""7mPcfx7PhnBh6n4HMCd61A""}",backend/scripts/catalogs/output/topspot40_master_print_catalog.html#artist-spotlight-directory,proposed_pending_gary,Proposed A-059; no printed A-xxx assignment exists.
A-060,artist_spotlight,Johnny Cash,"{""artist_id"": 141, ""retained_genre_slugs"": [""country""], ""spotify_artist_id"": ""6kACVPfCOnqzgfEF5ryl0x""}",backend/scripts/catalogs/output/topspot40_master_print_catalog.html#artist-spotlight-directory,proposed_pending_gary,Proposed A-060; no printed A-xxx assignment exists.
A-061,artist_spotlight,Keith Urban,"{""artist_id"": 22, ""retained_genre_slugs"": [""country""], ""spotify_artist_id"": ""0u2FHSq3ln94y5Q57xazwf""}",backend/scripts/catalogs/output/topspot40_master_print_catalog.html#artist-spotlight-directory,proposed_pending_gary,Proposed A-061; no printed A-xxx assignment exists.
A-062,artist_spotlight,Kenny Chesney,"{""artist_id"": 17, ""retained_genre_slugs"": [""country""], ""spotify_artist_id"": ""3grHWM9bx2E9vwJCdlRv9O""}",backend/scripts/catalogs/output/topspot40_master_print_catalog.html#artist-spotlight-directory,proposed_pending_gary,Proposed A-062; no printed A-xxx assignment exists.
A-063,artist_spotlight,Kenny Rogers,"{""artist_id"": 196, ""retained_genre_slugs"": [""country""], ""spotify_artist_id"": ""4tw2Lmn9tTPUv7Gy7mVPI4""}",backend/scripts/catalogs/output/topspot40_master_print_catalog.html#artist-spotlight-directory,proposed_pending_gary,Proposed A-063; no printed A-xxx assignment exists.
A-064,artist_spotlight,Lefty Frizzell,"{""artist_id"": 216, ""retained_genre_slugs"": [""country""], ""spotify_artist_id"": ""05pAwLhsutiuj6gerEwGvU""}",backend/scripts/catalogs/output/topspot40_master_print_catalog.html#artist-spotlight-directory,proposed_pending_gary,Proposed A-064; no printed A-xxx assignment exists.
A-065,artist_spotlight,Luke Bryan,"{""artist_id"": 398, ""retained_genre_slugs"": [""country""], ""spotify_artist_id"": ""0BvkDsjIUla7X0k6CSWh1I""}",backend/scripts/catalogs/output/topspot40_master_print_catalog.html#artist-spotlight-directory,proposed_pending_gary,Proposed A-065; no printed A-xxx assignment exists.
A-066,artist_spotlight,Luke Combs,"{""artist_id"": 442, ""retained_genre_slugs"": [""country""], ""spotify_artist_id"": ""718COspgdWOnwOFpJHRZHS""}",backend/scripts/catalogs/output/topspot40_master_print_catalog.html#artist-spotlight-directory,proposed_pending_gary,Proposed A-066; no printed A-xxx assignment exists.
A-067,artist_spotlight,Marty Robbins,"{""artist_id"": 142, ""retained_genre_slugs"": [""country""], ""spotify_artist_id"": ""0Xi59sEw38vRvwleSAVqoo""}",backend/scripts/catalogs/output/topspot40_master_print_catalog.html#artist-spotlight-directory,proposed_pending_gary,Proposed A-067; no printed A-xxx assignment exists.
A-068,artist_spotlight,Mary Chapin Carpenter,"{""artist_id"": 329, ""retained_genre_slugs"": [""country""], ""spotify_artist_id"": ""0qAmeOULjwn04k6jMMeDyr""}",backend/scripts/catalogs/output/topspot40_master_print_catalog.html#artist-spotlight-directory,proposed_pending_gary,Proposed A-068; no printed A-xxx assignment exists.
A-069,artist_spotlight,Merle Haggard,"{""artist_id"": 155, ""retained_genre_slugs"": [""country""], ""spotify_artist_id"": ""2ptmyXoL7poH6Zq62h1QT9""}",backend/scripts/catalogs/output/topspot40_master_print_catalog.html#artist-spotlight-directory,proposed_pending_gary,Proposed A-069; no printed A-xxx assignment exists.
A-070,artist_spotlight,Miranda Lambert,"{""artist_id"": 392, ""retained_genre_slugs"": [""country""], ""spotify_artist_id"": ""66lH4jAE7pqPlOlzUKbwA0""}",backend/scripts/catalogs/output/topspot40_master_print_catalog.html#artist-spotlight-directory,proposed_pending_gary,Proposed A-070; no printed A-xxx assignment exists.
A-071,artist_spotlight,Patsy Cline,"{""artist_id"": 139, ""retained_genre_slugs"": [""country""], ""spotify_artist_id"": ""7dNsHhGeGU5MV01r06O8gK""}",backend/scripts/catalogs/output/topspot40_master_print_catalog.html#artist-spotlight-directory,proposed_pending_gary,Proposed A-071; no printed A-xxx assignment exists.
A-072,artist_spotlight,Randy Travis,"{""artist_id"": 1, ""retained_genre_slugs"": [""country""], ""spotify_artist_id"": ""1pTuR132U5b4Rizal2Pr7m""}",backend/scripts/catalogs/output/topspot40_master_print_catalog.html#artist-spotlight-directory,proposed_pending_gary,Proposed A-072; no printed A-xxx assignment exists.
A-073,artist_spotlight,Rascal Flatts,"{""artist_id"": 21, ""retained_genre_slugs"": [""country""], ""spotify_artist_id"": ""0a1gHP0HAqALbEyxaD5Ngn""}",backend/scripts/catalogs/output/topspot40_master_print_catalog.html#artist-spotlight-directory,proposed_pending_gary,Proposed A-073; no printed A-xxx assignment exists.
A-074,artist_spotlight,Sam Hunt,"{""artist_id"": 385, ""retained_genre_slugs"": [""country""], ""spotify_artist_id"": ""2kucQ9jQwuD8jWdtR9Ef38""}",backend/scripts/catalogs/output/topspot40_master_print_catalog.html#artist-spotlight-directory,proposed_pending_gary,Proposed A-074; no printed A-xxx assignment exists.
A-075,artist_spotlight,The Everly Brothers,"{""artist_id"": 523, ""retained_genre_slugs"": [""country"", ""pop"", ""rock""], ""spotify_artist_id"": ""4ACplpEqD6JIVgKrafauzs""}",backend/scripts/catalogs/output/topspot40_master_print_catalog.html#artist-spotlight-directory,proposed_pending_gary,Proposed A-075; no printed A-xxx assignment exists.
A-076,artist_spotlight,Toby Keith,"{""artist_id"": 12, ""retained_genre_slugs"": [""country""], ""spotify_artist_id"": ""2bA6fzP0lMAQ4kz6CF61w8""}",backend/scripts/catalogs/output/topspot40_master_print_catalog.html#artist-spotlight-directory,proposed_pending_gary,Proposed A-076; no printed A-xxx assignment exists.
A-077,artist_spotlight,Waylon Jennings,"{""artist_id"": 198, ""retained_genre_slugs"": [""country""], ""spotify_artist_id"": ""7wCjDgV6nqBsHguQXPAaIM""}",backend/scripts/catalogs/output/topspot40_master_print_catalog.html#artist-spotlight-directory,proposed_pending_gary,Proposed A-077; no printed A-xxx assignment exists.
A-078,artist_spotlight,America,"{""artist_id"": 1198, ""retained_genre_slugs"": [""folk_acoustic""], ""spotify_artist_id"": ""35U9lQaRWSQISxQAB94Meo""}",backend/scripts/catalogs/output/topspot40_master_print_catalog.html#artist-spotlight-directory,proposed_pending_gary,Proposed A-078; no printed A-xxx assignment exists.
A-079,artist_spotlight,Bob Dylan,"{""artist_id"": 158, ""retained_genre_slugs"": [""folk_acoustic"", ""rock""], ""spotify_artist_id"": ""74ASZWbe4lXaubB36ztrGX""}",backend/scripts/catalogs/output/topspot40_master_print_catalog.html#artist-spotlight-directory,proposed_pending_gary,Proposed A-079; no printed A-xxx assignment exists.
A-080,artist_spotlight,Caamp,"{""artist_id"": 1208, ""retained_genre_slugs"": [""folk_acoustic""], ""spotify_artist_id"": ""0wyMPXGfOuQzNR54ujR9Ix""}",backend/scripts/catalogs/output/topspot40_master_print_catalog.html#artist-spotlight-directory,proposed_pending_gary,Proposed A-080; no printed A-xxx assignment exists.
A-081,artist_spotlight,Charley Crockett,"{""artist_id"": 1209, ""retained_genre_slugs"": [""folk_acoustic""], ""spotify_artist_id"": ""3BJX1nYizKvWpZTY5HOAr4""}",backend/scripts/catalogs/output/topspot40_master_print_catalog.html#artist-spotlight-directory,proposed_pending_gary,Proposed A-081; no printed A-xxx assignment exists.
A-082,artist_spotlight,Elliott Smith,"{""artist_id"": 1203, ""retained_genre_slugs"": [""folk_acoustic""], ""spotify_artist_id"": ""2ApaG60P4r0yhBoDCGD8YG""}",backend/scripts/catalogs/output/topspot40_master_print_catalog.html#artist-spotlight-directory,proposed_pending_gary,Proposed A-082; no printed A-xxx assignment exists.
A-083,artist_spotlight,Gregory Alan Isakov,"{""artist_id"": 1206, ""retained_genre_slugs"": [""folk_acoustic""], ""spotify_artist_id"": ""5sXaGoRLSpd7VeyZrLkKwt""}",backend/scripts/catalogs/output/topspot40_master_print_catalog.html#artist-spotlight-directory,proposed_pending_gary,Proposed A-083; no printed A-xxx assignment exists.
A-084,artist_spotlight,James Taylor,"{""artist_id"": 509, ""retained_genre_slugs"": [""folk_acoustic""], ""spotify_artist_id"": ""0vn7UBvSQECKJm2817Yf1P""}",backend/scripts/catalogs/output/topspot40_master_print_catalog.html#artist-spotlight-directory,proposed_pending_gary,Proposed A-084; no printed A-xxx assignment exists.
A-085,artist_spotlight,Jason Mraz,"{""artist_id"": 1207, ""retained_genre_slugs"": [""folk_acoustic""], ""spotify_artist_id"": ""4phGZZrJZRo4ElhRtViYdl""}",backend/scripts/catalogs/output/topspot40_master_print_catalog.html#artist-spotlight-directory,proposed_pending_gary,Proposed A-085; no printed A-xxx assignment exists.
A-086,artist_spotlight,John Mayer,"{""artist_id"": 1204, ""retained_genre_slugs"": [""folk_acoustic""], ""spotify_artist_id"": ""0hEurMDQu99nJRq8pTxO14""}",backend/scripts/catalogs/output/topspot40_master_print_catalog.html#artist-spotlight-directory,proposed_pending_gary,Proposed A-086; no printed A-xxx assignment exists.
A-087,artist_spotlight,Josiah Queen,"{""artist_id"": 1210, ""retained_genre_slugs"": [""folk_acoustic""], ""spotify_artist_id"": ""7yAymwuYh9RcpX84GSNIq2""}",backend/scripts/catalogs/output/topspot40_master_print_catalog.html#artist-spotlight-directory,proposed_pending_gary,Proposed A-087; no printed A-xxx assignment exists.
A-088,artist_spotlight,Luigi Tenco,"{""artist_id"": 1182, ""retained_genre_slugs"": [""folk_acoustic""], ""spotify_artist_id"": ""4F9VFl80sWpvTfXwLJZbhK""}",backend/scripts/catalogs/output/topspot40_master_print_catalog.html#artist-spotlight-directory,proposed_pending_gary,Proposed A-088; no printed A-xxx assignment exists.
A-089,artist_spotlight,Neil Young,"{""artist_id"": 1205, ""retained_genre_slugs"": [""folk_acoustic""], ""spotify_artist_id"": ""6v8FB84lnmJs434UJf2Mrm""}",backend/scripts/catalogs/output/topspot40_master_print_catalog.html#artist-spotlight-directory,proposed_pending_gary,Proposed A-089; no printed A-xxx assignment exists.
A-090,artist_spotlight,Odetta,"{""artist_id"": 1183, ""retained_genre_slugs"": [""folk_acoustic""], ""spotify_artist_id"": ""2wkz8hACugzAvF0voupg3H""}",backend/scripts/catalogs/output/topspot40_master_print_catalog.html#artist-spotlight-directory,proposed_pending_gary,Proposed A-090; no printed A-xxx assignment exists.
A-091,artist_spotlight,Paul Clayton,"{""artist_id"": 1189, ""retained_genre_slugs"": [""folk_acoustic""], ""spotify_artist_id"": ""0OP3vGdafC4R9cXSoyRm9B""}",backend/scripts/catalogs/output/topspot40_master_print_catalog.html#artist-spotlight-directory,proposed_pending_gary,Proposed A-091; no printed A-xxx assignment exists.
A-092,artist_spotlight,Paul Simon,"{""artist_id"": 1193, ""retained_genre_slugs"": [""folk_acoustic""], ""spotify_artist_id"": ""2CvCyf1gEVhI0mX6aFXmVI""}",backend/scripts/catalogs/output/topspot40_master_print_catalog.html#artist-spotlight-directory,proposed_pending_gary,Proposed A-092; no printed A-xxx assignment exists.
A-093,artist_spotlight,Peggy Seeger,"{""artist_id"": 1184, ""retained_genre_slugs"": [""folk_acoustic""], ""spotify_artist_id"": ""0gXQn7UrpopDb2TIkmIjoU""}",backend/scripts/catalogs/output/topspot40_master_print_catalog.html#artist-spotlight-directory,proposed_pending_gary,Proposed A-093; no printed A-xxx assignment exists.
A-094,artist_spotlight,Pete Seeger,"{""artist_id"": 1180, ""retained_genre_slugs"": [""folk_acoustic""], ""spotify_artist_id"": ""1P9syEkl41IFowWIJN7ZBY""}",backend/scripts/catalogs/output/topspot40_master_print_catalog.html#artist-spotlight-directory,proposed_pending_gary,Proposed A-094; no printed A-xxx assignment exists.
A-095,artist_spotlight,Simon and Garfunkel,"{""artist_id"": 164, ""retained_genre_slugs"": [""folk_acoustic""], ""spotify_artist_id"": ""70cRZdQywnSFp9pnc2WTCE""}",backend/scripts/catalogs/output/topspot40_master_print_catalog.html#artist-spotlight-directory,proposed_pending_gary,Proposed A-095; no printed A-xxx assignment exists.
A-096,artist_spotlight,The Lumineers,"{""artist_id"": 1146, ""retained_genre_slugs"": [""folk_acoustic""], ""spotify_artist_id"": ""16oZKvXb6WkQlVAjwo2Wbg""}",backend/scripts/catalogs/output/topspot40_master_print_catalog.html#artist-spotlight-directory,proposed_pending_gary,Proposed A-096; no printed A-xxx assignment exists.
A-097,artist_spotlight,Vance Joy,"{""artist_id"": 1150, ""retained_genre_slugs"": [""folk_acoustic""], ""spotify_artist_id"": ""10exVja0key0uqUkk6LJRT""}",backend/scripts/catalogs/output/topspot40_master_print_catalog.html#artist-spotlight-directory,proposed_pending_gary,Proposed A-097; no printed A-xxx assignment exists.
A-098,artist_spotlight,Agustin Lara,"{""artist_id"": 679, ""retained_genre_slugs"": [""latin_global""], ""spotify_artist_id"": ""5A7dTtLAdjoIPsf58TgFCk""}",backend/scripts/catalogs/output/topspot40_master_print_catalog.html#artist-spotlight-directory,proposed_pending_gary,Proposed A-098; no printed A-xxx assignment exists.
A-099,artist_spotlight,Aventura,"{""artist_id"": 812, ""retained_genre_slugs"": [""latin_global""], ""spotify_artist_id"": ""1qto4hHid1P71emI6Fd8xi""}",backend/scripts/catalogs/output/topspot40_master_print_catalog.html#artist-spotlight-directory,proposed_pending_gary,Proposed A-099; no printed A-xxx assignment exists.
A-100,artist_spotlight,Bad Bunny,"{""artist_id"": 847, ""retained_genre_slugs"": [""latin_global""], ""spotify_artist_id"": ""4q3ewBCX7sLwd24euuV69X""}",backend/scripts/catalogs/output/topspot40_master_print_catalog.html#artist-spotlight-directory,proposed_pending_gary,Proposed A-100; no printed A-xxx assignment exists.
A-101,artist_spotlight,Camilo,"{""artist_id"": 879, ""retained_genre_slugs"": [""latin_global""], ""spotify_artist_id"": ""28gNT5KBp7IjEOQoevXf9N""}",backend/scripts/catalogs/output/topspot40_master_print_catalog.html#artist-spotlight-directory,proposed_pending_gary,Proposed A-101; no printed A-xxx assignment exists.
A-102,artist_spotlight,Carlos Vives,"{""artist_id"": 805, ""retained_genre_slugs"": [""latin_global""], ""spotify_artist_id"": ""4vhNDa5ycK0ST968ek7kRr""}",backend/scripts/catalogs/output/topspot40_master_print_catalog.html#artist-spotlight-directory,proposed_pending_gary,Proposed A-102; no printed A-xxx assignment exists.
A-103,artist_spotlight,Cazuza,"{""artist_id"": 784, ""retained_genre_slugs"": [""latin_global""], ""spotify_artist_id"": ""1PwOU6fFbmaGkK3wkbb8fU""}",backend/scripts/catalogs/output/topspot40_master_print_catalog.html#artist-spotlight-directory,proposed_pending_gary,Proposed A-103; no printed A-xxx assignment exists.
A-104,artist_spotlight,Celia Cruz,"{""artist_id"": 750, ""retained_genre_slugs"": [""latin_global""], ""spotify_artist_id"": ""2weA6hhVqTIN2gSn9PUB9U""}",backend/scripts/catalogs/output/topspot40_master_print_catalog.html#artist-spotlight-directory,proposed_pending_gary,Proposed A-104; no printed A-xxx assignment exists.
A-105,artist_spotlight,Daddy Yankee,"{""artist_id"": 410, ""retained_genre_slugs"": [""latin_global""], ""spotify_artist_id"": ""4VMYDCV2IEDYJArk749S6m""}",backend/scripts/catalogs/output/topspot40_master_print_catalog.html#artist-spotlight-directory,proposed_pending_gary,Proposed A-105; no printed A-xxx assignment exists.
A-106,artist_spotlight,Enrique Iglesias,"{""artist_id"": 790, ""retained_genre_slugs"": [""latin_global""], ""spotify_artist_id"": ""7qG3b048QCHVRO5Pv1T5lw""}",backend/scripts/catalogs/output/topspot40_master_print_catalog.html#artist-spotlight-directory,proposed_pending_gary,Proposed A-106; no printed A-xxx assignment exists.
A-107,artist_spotlight,J Balvin,"{""artist_id"": 826, ""retained_genre_slugs"": [""latin_global""], ""spotify_artist_id"": ""1vyhD5VmyZ7KMfW5gqLgo5""}",backend/scripts/catalogs/output/topspot40_master_print_catalog.html#artist-spotlight-directory,proposed_pending_gary,Proposed A-107; no printed A-xxx assignment exists.
A-108,artist_spotlight,José José,"{""artist_id"": 735, ""retained_genre_slugs"": [""latin_global""], ""spotify_artist_id"": ""4mN0qcMxWX8oToqfDPM5yV""}",backend/scripts/catalogs/output/topspot40_master_print_catalog.html#artist-spotlight-directory,proposed_pending_gary,Proposed A-108; no printed A-xxx assignment exists.
A-109,artist_spotlight,João Gilberto,"{""artist_id"": 3134, ""retained_genre_slugs"": [""latin_global""], ""spotify_artist_id"": ""77ZUbcdoU5KCPHNUl8bgQy""}",backend/scripts/catalogs/output/topspot40_master_print_catalog.html#artist-spotlight-directory,proposed_pending_gary,Proposed A-109; no printed A-xxx assignment exists.
A-110,artist_spotlight,Juan Luis Guerra,"{""artist_id"": 793, ""retained_genre_slugs"": [""latin_global""], ""spotify_artist_id"": ""3nlpTZci9O5W8RsNoNH559""}",backend/scripts/catalogs/output/topspot40_master_print_catalog.html#artist-spotlight-directory,proposed_pending_gary,Proposed A-110; no printed A-xxx assignment exists.
A-111,artist_spotlight,Juanes,"{""artist_id"": 807, ""retained_genre_slugs"": [""latin_global""], ""spotify_artist_id"": ""0UWZUmn7sybxMCqrw9tGa7""}",backend/scripts/catalogs/output/topspot40_master_print_catalog.html#artist-spotlight-directory,proposed_pending_gary,Proposed A-111; no printed A-xxx assignment exists.
A-112,artist_spotlight,Julio Iglesias,"{""artist_id"": 730, ""retained_genre_slugs"": [""latin_global""], ""spotify_artist_id"": ""4etuCZVdP8yiNPn4xf0ie5""}",backend/scripts/catalogs/output/topspot40_master_print_catalog.html#artist-spotlight-directory,proposed_pending_gary,Proposed A-112; no printed A-xxx assignment exists.
A-113,artist_spotlight,Karol G,"{""artist_id"": 856, ""retained_genre_slugs"": [""latin_global""], ""spotify_artist_id"": ""790FomKkXshlbRYZFtlgla""}",backend/scripts/catalogs/output/topspot40_master_print_catalog.html#artist-spotlight-directory,proposed_pending_gary,Proposed A-113; no printed A-xxx assignment exists.
A-114,artist_spotlight,Luis Miguel,"{""artist_id"": 777, ""retained_genre_slugs"": [""latin_global""], ""spotify_artist_id"": ""2nszmSgqreHSdJA3zWPyrW""}",backend/scripts/catalogs/output/topspot40_master_print_catalog.html#artist-spotlight-directory,proposed_pending_gary,Proposed A-114; no printed A-xxx assignment exists.
A-115,artist_spotlight,Maluma,"{""artist_id"": 829, ""retained_genre_slugs"": [""latin_global""], ""spotify_artist_id"": ""1r4hJ1h58CWwUQe3MxPuau""}",backend/scripts/catalogs/output/topspot40_master_print_catalog.html#artist-spotlight-directory,proposed_pending_gary,Proposed A-115; no printed A-xxx assignment exists.
A-116,artist_spotlight,Manu Chao,"{""artist_id"": 757, ""retained_genre_slugs"": [""latin_global""], ""spotify_artist_id"": ""6wH6iStAh4KIaWfuhf0NYM""}",backend/scripts/catalogs/output/topspot40_master_print_catalog.html#artist-spotlight-directory,proposed_pending_gary,Proposed A-116; no printed A-xxx assignment exists.
A-117,artist_spotlight,Marc Anthony,"{""artist_id"": 795, ""retained_genre_slugs"": [""latin_global""], ""spotify_artist_id"": ""4wLXwxDeWQ8mtUIRPxGiD6""}",backend/scripts/catalogs/output/topspot40_master_print_catalog.html#artist-spotlight-directory,proposed_pending_gary,Proposed A-117; no printed A-xxx assignment exists.
A-118,artist_spotlight,Nicky Jam,"{""artist_id"": 834, ""retained_genre_slugs"": [""latin_global""], ""spotify_artist_id"": ""1SupJlEpv7RS2tPNRaHViT""}",backend/scripts/catalogs/output/topspot40_master_print_catalog.html#artist-spotlight-directory,proposed_pending_gary,Proposed A-118; no printed A-xxx assignment exists.
A-119,artist_spotlight,Perez Prado,"{""artist_id"": 670, ""retained_genre_slugs"": [""latin_global""], ""spotify_artist_id"": ""1ZKhPkCXXgtiGgALn4OYtT""}",backend/scripts/catalogs/output/topspot40_master_print_catalog.html#artist-spotlight-directory,proposed_pending_gary,Proposed A-119; no printed A-xxx assignment exists.
A-120,artist_spotlight,Pitbull,"{""artist_id"": 824, ""retained_genre_slugs"": [""latin_global""], ""spotify_artist_id"": ""0TnOYISbd1XYRBk9myaseg""}",backend/scripts/catalogs/output/topspot40_master_print_catalog.html#artist-spotlight-directory,proposed_pending_gary,Proposed A-120; no printed A-xxx assignment exists.
A-121,artist_spotlight,Rauw Alejandro,"{""artist_id"": 867, ""retained_genre_slugs"": [""latin_global""], ""spotify_artist_id"": ""1mcTU81TzQhprhouKaTkpq""}",backend/scripts/catalogs/output/topspot40_master_print_catalog.html#artist-spotlight-directory,proposed_pending_gary,Proposed A-121; no printed A-xxx assignment exists.
A-122,artist_spotlight,Roberto Carlos,"{""artist_id"": 778, ""retained_genre_slugs"": [""latin_global""], ""spotify_artist_id"": ""7fAKtXSdNInWAIf0jVUz65""}",backend/scripts/catalogs/output/topspot40_master_print_catalog.html#artist-spotlight-directory,proposed_pending_gary,Proposed A-122; no printed A-xxx assignment exists.
A-123,artist_spotlight,Rosalia,"{""artist_id"": 872, ""retained_genre_slugs"": [""latin_global""], ""spotify_artist_id"": ""7ltDVBr6mKbRvohxheJ9h1""}",backend/scripts/catalogs/output/topspot40_master_print_catalog.html#artist-spotlight-directory,proposed_pending_gary,Proposed A-123; no printed A-xxx assignment exists.
A-124,artist_spotlight,Selena,"{""artist_id"": 799, ""retained_genre_slugs"": [""latin_global""], ""spotify_artist_id"": ""6IE6z7DcZIT4Ml3Fh5Ivch""}",backend/scripts/catalogs/output/topspot40_master_print_catalog.html#artist-spotlight-directory,proposed_pending_gary,Proposed A-124; no printed A-xxx assignment exists.
A-125,artist_spotlight,Shakira,"{""artist_id"": 55, ""retained_genre_slugs"": [""latin_global""], ""spotify_artist_id"": ""0EmeFodog0BfCgMzAIvKQp""}",backend/scripts/catalogs/output/topspot40_master_print_catalog.html#artist-spotlight-directory,proposed_pending_gary,Proposed A-125; no printed A-xxx assignment exists.
A-126,artist_spotlight,Thalia,"{""artist_id"": 798, ""retained_genre_slugs"": [""latin_global""], ""spotify_artist_id"": ""23wEWD21D4TPYiJugoXmYb""}",backend/scripts/catalogs/output/topspot40_master_print_catalog.html#artist-spotlight-directory,proposed_pending_gary,Proposed A-126; no printed A-xxx assignment exists.
A-127,artist_spotlight,Vicente Fernández,"{""artist_id"": 1924, ""retained_genre_slugs"": [""latin_global""], ""spotify_artist_id"": ""4PPoI9LuYeFX8V674Z1R6l""}",backend/scripts/catalogs/output/topspot40_master_print_catalog.html#artist-spotlight-directory,proposed_pending_gary,Proposed A-127; no printed A-xxx assignment exists.
A-128,artist_spotlight,Adele,"{""artist_id"": 416, ""retained_genre_slugs"": [""pop""], ""spotify_artist_id"": ""4dpARuHxo51G3z768sgnrY""}",backend/scripts/catalogs/output/topspot40_master_print_catalog.html#artist-spotlight-directory,proposed_pending_gary,Proposed A-128; no printed A-xxx assignment exists.
A-129,artist_spotlight,Aretha Franklin,"{""artist_id"": 160, ""retained_genre_slugs"": [""pop"", ""rnb_soul""], ""spotify_artist_id"": ""7nwUJBm0HE4ZxD3f5cy5ok""}",backend/scripts/catalogs/output/topspot40_master_print_catalog.html#artist-spotlight-directory,proposed_pending_gary,Proposed A-129; no printed A-xxx assignment exists.
A-130,artist_spotlight,Ariana Grande,"{""artist_id"": 474, ""retained_genre_slugs"": [""pop""], ""spotify_artist_id"": ""66CXWjxzNUsdJxJ2JdwvnR""}",backend/scripts/catalogs/output/topspot40_master_print_catalog.html#artist-spotlight-directory,proposed_pending_gary,Proposed A-130; no printed A-xxx assignment exists.
A-131,artist_spotlight,Avril Lavigne,"{""artist_id"": 60, ""retained_genre_slugs"": [""pop""], ""spotify_artist_id"": ""0p4nmQO2msCgU4IF37Wi3j""}",backend/scripts/catalogs/output/topspot40_master_print_catalog.html#artist-spotlight-directory,proposed_pending_gary,Proposed A-131; no printed A-xxx assignment exists.
A-132,artist_spotlight,Backstreet Boys,"{""artist_id"": 1123, ""retained_genre_slugs"": [""pop""], ""spotify_artist_id"": ""5rSXSAkZ67PYJSvpUpkOr7""}",backend/scripts/catalogs/output/topspot40_master_print_catalog.html#artist-spotlight-directory,proposed_pending_gary,Proposed A-132; no printed A-xxx assignment exists.
A-133,artist_spotlight,Barry Manilow,"{""artist_id"": 1111, ""retained_genre_slugs"": [""pop""], ""spotify_artist_id"": ""3alW3LYQS8K29z8C8NSLIX""}",backend/scripts/catalogs/output/topspot40_master_print_catalog.html#artist-spotlight-directory,proposed_pending_gary,Proposed A-133; no printed A-xxx assignment exists.
A-134,artist_spotlight,Bee Gees,"{""artist_id"": 219, ""retained_genre_slugs"": [""pop""], ""spotify_artist_id"": ""1LZEQNv7sE11VDY3SdxQeN""}",backend/scripts/catalogs/output/topspot40_master_print_catalog.html#artist-spotlight-directory,proposed_pending_gary,Proposed A-134; no printed A-xxx assignment exists.
A-135,artist_spotlight,Beyonce,"{""artist_id"": 1010, ""retained_genre_slugs"": [""pop"", ""rnb_soul""], ""spotify_artist_id"": ""3XV0lFzNs8BCTwhJTcMiBr""}",backend/scripts/catalogs/output/topspot40_master_print_catalog.html#artist-spotlight-directory,proposed_pending_gary,Proposed A-135; no printed A-xxx assignment exists.
A-136,artist_spotlight,Billy Joel,"{""artist_id"": 332, ""retained_genre_slugs"": [""pop""], ""spotify_artist_id"": ""6zFYqv1mOsgBRQbae3JJ9e""}",backend/scripts/catalogs/output/topspot40_master_print_catalog.html#artist-spotlight-directory,proposed_pending_gary,Proposed A-136; no printed A-xxx assignment exists.
A-137,artist_spotlight,Britney Spears,"{""artist_id"": 39, ""retained_genre_slugs"": [""pop""], ""spotify_artist_id"": ""26dSoYclwsYLMAKD3tpOr4""}",backend/scripts/catalogs/output/topspot40_master_print_catalog.html#artist-spotlight-directory,proposed_pending_gary,Proposed A-137; no printed A-xxx assignment exists.
A-138,artist_spotlight,Bruno Mars,"{""artist_id"": 402, ""retained_genre_slugs"": [""pop"", ""rnb_soul""], ""spotify_artist_id"": ""0du5cEVh5yTK9QJze8zA0C""}",backend/scripts/catalogs/output/topspot40_master_print_catalog.html#artist-spotlight-directory,proposed_pending_gary,Proposed A-138; no printed A-xxx assignment exists.
A-139,artist_spotlight,Bts,"{""artist_id"": 473, ""retained_genre_slugs"": [""pop""], ""spotify_artist_id"": ""3Nrfpe0tUJi4K4DXYWgMUX""}",backend/scripts/catalogs/output/topspot40_master_print_catalog.html#artist-spotlight-directory,proposed_pending_gary,Proposed A-139; no printed A-xxx assignment exists.
A-140,artist_spotlight,Buddy Holly,"{""artist_id"": 1017, ""retained_genre_slugs"": [""pop"", ""rock""], ""spotify_artist_id"": ""3wYyutjgII8LJVVOLrGI0D""}",backend/scripts/catalogs/output/topspot40_master_print_catalog.html#artist-spotlight-directory,proposed_pending_gary,Proposed A-140; no printed A-xxx assignment exists.
A-141,artist_spotlight,Christina Aguilera,"{""artist_id"": 367, ""retained_genre_slugs"": [""pop""], ""spotify_artist_id"": ""1l7ZsJRRS8wlW3WfJfPfNS""}",backend/scripts/catalogs/output/topspot40_master_print_catalog.html#artist-spotlight-directory,proposed_pending_gary,Proposed A-141; no printed A-xxx assignment exists.
A-142,artist_spotlight,Drake,"{""artist_id"": 425, ""retained_genre_slugs"": [""pop"", ""rnb_soul""], ""spotify_artist_id"": ""3TVXtAsR1Inumwj472S9r4""}",backend/scripts/catalogs/output/topspot40_master_print_catalog.html#artist-spotlight-directory,proposed_pending_gary,Proposed A-142; no printed A-xxx assignment exists.
A-143,artist_spotlight,Dua Lipa,"{""artist_id"": 461, ""retained_genre_slugs"": [""pop""], ""spotify_artist_id"": ""6M2wZ9GZgrQXHCFfjv46we""}",backend/scripts/catalogs/output/topspot40_master_print_catalog.html#artist-spotlight-directory,proposed_pending_gary,Proposed A-143; no printed A-xxx assignment exists.
A-144,artist_spotlight,Ed Sheeran,"{""artist_id"": 408, ""retained_genre_slugs"": [""pop""], ""spotify_artist_id"": ""6eUKZXaKkcviH0Ku9w2n3V""}",backend/scripts/catalogs/output/topspot40_master_print_catalog.html#artist-spotlight-directory,proposed_pending_gary,Proposed A-144; no printed A-xxx assignment exists.
A-145,artist_spotlight,Elton John,"{""artist_id"": 233, ""retained_genre_slugs"": [""pop""], ""spotify_artist_id"": ""3PhoLpVuITZKcymswpck5b""}",backend/scripts/catalogs/output/topspot40_master_print_catalog.html#artist-spotlight-directory,proposed_pending_gary,Proposed A-145; no printed A-xxx assignment exists.
A-146,artist_spotlight,Fats Domino,"{""artist_id"": 556, ""retained_genre_slugs"": [""pop"", ""rnb_soul"", ""rock""], ""spotify_artist_id"": ""09C0xjtosNAIXP36wTnWxd""}",backend/scripts/catalogs/output/topspot40_master_print_catalog.html#artist-spotlight-directory,proposed_pending_gary,Proposed A-146; no printed A-xxx assignment exists.
A-147,artist_spotlight,Justin Bieber,"{""artist_id"": 415, ""retained_genre_slugs"": [""pop""], ""spotify_artist_id"": ""1uNFoZAHBGtllmzznpCI3s""}",backend/scripts/catalogs/output/topspot40_master_print_catalog.html#artist-spotlight-directory,proposed_pending_gary,Proposed A-147; no printed A-xxx assignment exists.
A-148,artist_spotlight,Justin Timberlake,"{""artist_id"": 57, ""retained_genre_slugs"": [""pop"", ""rnb_soul""], ""spotify_artist_id"": ""31TPClRtHm23RisEBtV3X7""}",backend/scripts/catalogs/output/topspot40_master_print_catalog.html#artist-spotlight-directory,proposed_pending_gary,Proposed A-148; no printed A-xxx assignment exists.
A-149,artist_spotlight,Katy Perry,"{""artist_id"": 50, ""retained_genre_slugs"": [""pop""], ""spotify_artist_id"": ""6jJ0s89eD6GaHleKKya26X""}",backend/scripts/catalogs/output/topspot40_master_print_catalog.html#artist-spotlight-directory,proposed_pending_gary,Proposed A-149; no printed A-xxx assignment exists.
A-150,artist_spotlight,Lady Gaga,"{""artist_id"": 36, ""retained_genre_slugs"": [""pop""], ""spotify_artist_id"": ""1HY2Jd0NmPuamShAr6KMms""}",backend/scripts/catalogs/output/topspot40_master_print_catalog.html#artist-spotlight-directory,proposed_pending_gary,Proposed A-150; no printed A-xxx assignment exists.
A-151,artist_spotlight,Lil Nas X,"{""artist_id"": 467, ""retained_genre_slugs"": [""pop""], ""spotify_artist_id"": ""7jVv8c5Fj3E9VhNjxT4snq""}",backend/scripts/catalogs/output/topspot40_master_print_catalog.html#artist-spotlight-directory,proposed_pending_gary,Proposed A-151; no printed A-xxx assignment exists.
A-152,artist_spotlight,Lionel Richie,"{""artist_id"": 7, ""retained_genre_slugs"": [""pop""], ""spotify_artist_id"": ""3gMaNLQm7D9MornNILzdSl""}",backend/scripts/catalogs/output/topspot40_master_print_catalog.html#artist-spotlight-directory,proposed_pending_gary,Proposed A-152; no printed A-xxx assignment exists.
A-153,artist_spotlight,Little Richard,"{""artist_id"": 557, ""retained_genre_slugs"": [""pop"", ""rnb_soul"", ""rock""], ""spotify_artist_id"": ""4xls23Ye9WR9yy3yYMpAMm""}",backend/scripts/catalogs/output/topspot40_master_print_catalog.html#artist-spotlight-directory,proposed_pending_gary,Proposed A-153; no printed A-xxx assignment exists.
A-154,artist_spotlight,Madonna,"{""artist_id"": 4, ""retained_genre_slugs"": [""pop""], ""spotify_artist_id"": ""6tbjWDEIzxoDsBA1FuhfPW""}",backend/scripts/catalogs/output/topspot40_master_print_catalog.html#artist-spotlight-directory,proposed_pending_gary,Proposed A-154; no printed A-xxx assignment exists.
A-155,artist_spotlight,Mariah Carey,"{""artist_id"": 348, ""retained_genre_slugs"": [""pop"", ""rnb_soul""], ""spotify_artist_id"": ""4iHNK0tOyZPYnBU7nGAgpQ""}",backend/scripts/catalogs/output/topspot40_master_print_catalog.html#artist-spotlight-directory,proposed_pending_gary,Proposed A-155; no printed A-xxx assignment exists.
A-156,artist_spotlight,Michael Jackson,"{""artist_id"": 3, ""retained_genre_slugs"": [""pop"", ""rnb_soul""], ""spotify_artist_id"": ""3fMbdgg4jU18AjLCKBhRSm""}",backend/scripts/catalogs/output/topspot40_master_print_catalog.html#artist-spotlight-directory,proposed_pending_gary,Proposed A-156; no printed A-xxx assignment exists.
A-157,artist_spotlight,Rihanna,"{""artist_id"": 37, ""retained_genre_slugs"": [""pop"", ""rnb_soul""], ""spotify_artist_id"": ""5pKCCKE2ajJHZ9KAiaK11H""}",backend/scripts/catalogs/output/topspot40_master_print_catalog.html#artist-spotlight-directory,proposed_pending_gary,Proposed A-157; no printed A-xxx assignment exists.
A-158,artist_spotlight,The Beatles,"{""artist_id"": 162, ""retained_genre_slugs"": [""pop""], ""spotify_artist_id"": ""3WrFJ7ztbogyGnTHbHJFl2""}",backend/scripts/catalogs/output/topspot40_master_print_catalog.html#artist-spotlight-directory,proposed_pending_gary,Proposed A-158; no printed A-xxx assignment exists.
A-159,artist_spotlight,The Platters,"{""artist_id"": 564, ""retained_genre_slugs"": [""pop"", ""rnb_soul""], ""spotify_artist_id"": ""6KWcxMWVNVIYbdOQyJtsSy""}",backend/scripts/catalogs/output/topspot40_master_print_catalog.html#artist-spotlight-directory,proposed_pending_gary,Proposed A-159; no printed A-xxx assignment exists.
A-160,artist_spotlight,The Supremes,"{""artist_id"": 167, ""retained_genre_slugs"": [""pop"", ""rnb_soul""], ""spotify_artist_id"": ""57bUPid8xztkieZfS7OlEV""}",backend/scripts/catalogs/output/topspot40_master_print_catalog.html#artist-spotlight-directory,proposed_pending_gary,Proposed A-160; no printed A-xxx assignment exists.
A-161,artist_spotlight,The Weeknd,"{""artist_id"": 422, ""retained_genre_slugs"": [""pop"", ""rnb_soul""], ""spotify_artist_id"": ""1Xyo4u8uXC1ZmMpatF05PJ""}",backend/scripts/catalogs/output/topspot40_master_print_catalog.html#artist-spotlight-directory,proposed_pending_gary,Proposed A-161; no printed A-xxx assignment exists.
A-162,artist_spotlight,Whitney Houston,"{""artist_id"": 333, ""retained_genre_slugs"": [""pop"", ""rnb_soul""], ""spotify_artist_id"": ""6XpaIBNiVzIetEPCWDvAFP""}",backend/scripts/catalogs/output/topspot40_master_print_catalog.html#artist-spotlight-directory,proposed_pending_gary,Proposed A-162; no printed A-xxx assignment exists.
A-163,artist_spotlight,Al Green,"{""artist_id"": 581, ""retained_genre_slugs"": [""rnb_soul""], ""spotify_artist_id"": ""3dkbV4qihUeMsqN4vBGg93""}",backend/scripts/catalogs/output/topspot40_master_print_catalog.html#artist-spotlight-directory,proposed_pending_gary,Proposed A-163; no printed A-xxx assignment exists.
A-164,artist_spotlight,Alicia Keys,"{""artist_id"": 54, ""retained_genre_slugs"": [""rnb_soul""], ""spotify_artist_id"": ""3DiDSECUqqY1AuBP8qtaIa""}",backend/scripts/catalogs/output/topspot40_master_print_catalog.html#artist-spotlight-directory,proposed_pending_gary,Proposed A-164; no printed A-xxx assignment exists.
A-165,artist_spotlight,Anita Baker,"{""artist_id"": 597, ""retained_genre_slugs"": [""rnb_soul""], ""spotify_artist_id"": ""46CH1Gp8l8QVly8bpG9JFG""}",backend/scripts/catalogs/output/topspot40_master_print_catalog.html#artist-spotlight-directory,proposed_pending_gary,Proposed A-165; no printed A-xxx assignment exists.
A-166,artist_spotlight,Boyz Ii Men,"{""artist_id"": 344, ""retained_genre_slugs"": [""rnb_soul""], ""spotify_artist_id"": ""6O74knDqdv3XaWtkII7Xjp""}",backend/scripts/catalogs/output/topspot40_master_print_catalog.html#artist-spotlight-directory,proposed_pending_gary,Proposed A-166; no printed A-xxx assignment exists.
A-167,artist_spotlight,Chris Brown,"{""artist_id"": 635, ""retained_genre_slugs"": [""rnb_soul""], ""spotify_artist_id"": ""7bXgB6jMjp9ATFy66eO08Z""}",backend/scripts/catalogs/output/topspot40_master_print_catalog.html#artist-spotlight-directory,proposed_pending_gary,Proposed A-167; no printed A-xxx assignment exists.
A-168,artist_spotlight,Commodores,"{""artist_id"": 592, ""retained_genre_slugs"": [""rnb_soul""], ""spotify_artist_id"": ""6twIAGnYuIT1pncMAsXnEm""}",backend/scripts/catalogs/output/topspot40_master_print_catalog.html#artist-spotlight-directory,proposed_pending_gary,Proposed A-168; no printed A-xxx assignment exists.
A-169,artist_spotlight,Destinys Child,"{""artist_id"": 608, ""retained_genre_slugs"": [""rnb_soul""], ""spotify_artist_id"": ""1Y8cdNmUJH7yBTd9yOvr5i""}",backend/scripts/catalogs/output/topspot40_master_print_catalog.html#artist-spotlight-directory,proposed_pending_gary,Proposed A-169; no printed A-xxx assignment exists.
A-170,artist_spotlight,Four Tops,"{""artist_id"": 182, ""retained_genre_slugs"": [""rnb_soul""], ""spotify_artist_id"": ""7fIvjotigTGWqjIz6EP1i4""}",backend/scripts/catalogs/output/topspot40_master_print_catalog.html#artist-spotlight-directory,proposed_pending_gary,Proposed A-170; no printed A-xxx assignment exists.
A-171,artist_spotlight,Gladys Knight,"{""artist_id"": 553, ""retained_genre_slugs"": [""rnb_soul""], ""spotify_artist_id"": ""0TF2NxkJZPQoX1H53rEFM1""}",backend/scripts/catalogs/output/topspot40_master_print_catalog.html#artist-spotlight-directory,proposed_pending_gary,Proposed A-171; no printed A-xxx assignment exists.
A-172,artist_spotlight,James Brown,"{""artist_id"": 166, ""retained_genre_slugs"": [""rnb_soul""], ""spotify_artist_id"": ""7GaxyUddsPok8BuhxN6OUW""}",backend/scripts/catalogs/output/topspot40_master_print_catalog.html#artist-spotlight-directory,proposed_pending_gary,Proposed A-172; no printed A-xxx assignment exists.
A-173,artist_spotlight,John Legend,"{""artist_id"": 452, ""retained_genre_slugs"": [""rnb_soul""], ""spotify_artist_id"": ""5y2Xq6xcjJb2jVM54GHK3t""}",backend/scripts/catalogs/output/topspot40_master_print_catalog.html#artist-spotlight-directory,proposed_pending_gary,Proposed A-173; no printed A-xxx assignment exists.
A-174,artist_spotlight,Mary J Blige,"{""artist_id"": 61, ""retained_genre_slugs"": [""rnb_soul""], ""spotify_artist_id"": ""1XkoF8ryArs86LZvFOkbyr""}",backend/scripts/catalogs/output/topspot40_master_print_catalog.html#artist-spotlight-directory,proposed_pending_gary,Proposed A-174; no printed A-xxx assignment exists.
A-175,artist_spotlight,Ne-Yo,"{""artist_id"": 626, ""retained_genre_slugs"": [""rnb_soul""], ""spotify_artist_id"": ""21E3waRsmPlU7jZsS13rcj""}",backend/scripts/catalogs/output/topspot40_master_print_catalog.html#artist-spotlight-directory,proposed_pending_gary,Proposed A-175; no printed A-xxx assignment exists.
A-176,artist_spotlight,Prince,"{""artist_id"": 281, ""retained_genre_slugs"": [""rnb_soul""], ""spotify_artist_id"": ""5a2EaR3hamoenG9rDuVn8j""}",backend/scripts/catalogs/output/topspot40_master_print_catalog.html#artist-spotlight-directory,proposed_pending_gary,Proposed A-176; no printed A-xxx assignment exists.
A-177,artist_spotlight,R Kelly,"{""artist_id"": 613, ""retained_genre_slugs"": [""rnb_soul""], ""spotify_artist_id"": ""2mxe0TnaNL039ysAj51xPQ""}",backend/scripts/catalogs/output/topspot40_master_print_catalog.html#artist-spotlight-directory,proposed_pending_gary,Proposed A-177; no printed A-xxx assignment exists.
A-178,artist_spotlight,Sade,"{""artist_id"": 602, ""retained_genre_slugs"": [""rnb_soul""], ""spotify_artist_id"": ""47zz7sob9NUcODy0BTDvKx""}",backend/scripts/catalogs/output/topspot40_master_print_catalog.html#artist-spotlight-directory,proposed_pending_gary,Proposed A-178; no printed A-xxx assignment exists.
A-179,artist_spotlight,Sam Cooke,"{""artist_id"": 552, ""retained_genre_slugs"": [""rnb_soul""], ""spotify_artist_id"": ""6hnWRPzGGKiapVX1UCdEAC""}",backend/scripts/catalogs/output/topspot40_master_print_catalog.html#artist-spotlight-directory,proposed_pending_gary,Proposed A-179; no printed A-xxx assignment exists.
A-180,artist_spotlight,The Drifters,"{""artist_id"": 559, ""retained_genre_slugs"": [""rnb_soul""], ""spotify_artist_id"": ""1FqqOl9itIUpXr4jZPIVoT""}",backend/scripts/catalogs/output/topspot40_master_print_catalog.html#artist-spotlight-directory,proposed_pending_gary,Proposed A-180; no printed A-xxx assignment exists.
A-181,artist_spotlight,The Isley Brothers,"{""artist_id"": 550, ""retained_genre_slugs"": [""rnb_soul""], ""spotify_artist_id"": ""53QzNeFpzAaXYnrDBbDrIp""}",backend/scripts/catalogs/output/topspot40_master_print_catalog.html#artist-spotlight-directory,proposed_pending_gary,Proposed A-181; no printed A-xxx assignment exists.
A-182,artist_spotlight,The Jackson 5,"{""artist_id"": 582, ""retained_genre_slugs"": [""rnb_soul""], ""spotify_artist_id"": ""2iE18Oxc8YSumAU232n4rW""}",backend/scripts/catalogs/output/topspot40_master_print_catalog.html#artist-spotlight-directory,proposed_pending_gary,Proposed A-182; no printed A-xxx assignment exists.
A-183,artist_spotlight,The Temptations,"{""artist_id"": 161, ""retained_genre_slugs"": [""rnb_soul""], ""spotify_artist_id"": ""3RwQ26hR2tJtA8F9p2n7jG""}",backend/scripts/catalogs/output/topspot40_master_print_catalog.html#artist-spotlight-directory,proposed_pending_gary,Proposed A-183; no printed A-xxx assignment exists.
A-184,artist_spotlight,Tina Turner,"{""artist_id"": 603, ""retained_genre_slugs"": [""rnb_soul""], ""spotify_artist_id"": ""1zuJe6b1roixEKMOtyrEak""}",backend/scripts/catalogs/output/topspot40_master_print_catalog.html#artist-spotlight-directory,proposed_pending_gary,Proposed A-184; no printed A-xxx assignment exists.
A-185,artist_spotlight,Usher,"{""artist_id"": 33, ""retained_genre_slugs"": [""rnb_soul""], ""spotify_artist_id"": ""23zg3TcAtWQy7J6upgbUnj""}",backend/scripts/catalogs/output/topspot40_master_print_catalog.html#artist-spotlight-directory,proposed_pending_gary,Proposed A-185; no printed A-xxx assignment exists.
A-186,artist_spotlight,AC/DC,"{""artist_id"": 1039, ""retained_genre_slugs"": [""rock""], ""spotify_artist_id"": ""711MCceyCBcFnzjGY4Q7Un""}",backend/scripts/catalogs/output/topspot40_master_print_catalog.html#artist-spotlight-directory,proposed_pending_gary,Proposed A-186; no printed A-xxx assignment exists.
A-187,artist_spotlight,Aerosmith,"{""artist_id"": 238, ""retained_genre_slugs"": [""rock""], ""spotify_artist_id"": ""7Ey4PD4MYsKc5I2dolUwbH""}",backend/scripts/catalogs/output/topspot40_master_print_catalog.html#artist-spotlight-directory,proposed_pending_gary,Proposed A-187; no printed A-xxx assignment exists.
A-188,artist_spotlight,Arctic Monkeys,"{""artist_id"": 1138, ""retained_genre_slugs"": [""rock""], ""spotify_artist_id"": ""7Ln80lUS6He07XvHI8qqHH""}",backend/scripts/catalogs/output/topspot40_master_print_catalog.html#artist-spotlight-directory,proposed_pending_gary,Proposed A-188; no printed A-xxx assignment exists.
A-189,artist_spotlight,Bo Diddley,"{""artist_id"": 1070, ""retained_genre_slugs"": [""rock""], ""spotify_artist_id"": ""6OVkHZQP8QoBYqr1ejCGDv""}",backend/scripts/catalogs/output/topspot40_master_print_catalog.html#artist-spotlight-directory,proposed_pending_gary,Proposed A-189; no printed A-xxx assignment exists.
A-190,artist_spotlight,Bon Jovi,"{""artist_id"": 280, ""retained_genre_slugs"": [""rock""], ""spotify_artist_id"": ""58lV9VcRSjABbAbfWS6skp""}",backend/scripts/catalogs/output/topspot40_master_print_catalog.html#artist-spotlight-directory,proposed_pending_gary,Proposed A-190; no printed A-xxx assignment exists.
A-191,artist_spotlight,Bruce Springsteen,"{""artist_id"": 495, ""retained_genre_slugs"": [""rock""], ""spotify_artist_id"": ""3eqjTLE0HfPfh78zjh6TqT""}",backend/scripts/catalogs/output/topspot40_master_print_catalog.html#artist-spotlight-directory,proposed_pending_gary,Proposed A-191; no printed A-xxx assignment exists.
A-192,artist_spotlight,Chuck Berry,"{""artist_id"": 562, ""retained_genre_slugs"": [""rock""], ""spotify_artist_id"": ""293zczrfYafIItmnmM3coR""}",backend/scripts/catalogs/output/topspot40_master_print_catalog.html#artist-spotlight-directory,proposed_pending_gary,Proposed A-192; no printed A-xxx assignment exists.
A-193,artist_spotlight,Coldplay,"{""artist_id"": 65, ""retained_genre_slugs"": [""rock""], ""spotify_artist_id"": ""4gzpq5DPGxSnKTe4SA8HAU""}",backend/scripts/catalogs/output/topspot40_master_print_catalog.html#artist-spotlight-directory,proposed_pending_gary,Proposed A-193; no printed A-xxx assignment exists.
A-194,artist_spotlight,Creedence Clearwater Revival,"{""artist_id"": 1093, ""retained_genre_slugs"": [""rock""], ""spotify_artist_id"": ""3IYUhFvPQItj6xySrBmZkd""}",backend/scripts/catalogs/output/topspot40_master_print_catalog.html#artist-spotlight-directory,proposed_pending_gary,Proposed A-194; no printed A-xxx assignment exists.
A-195,artist_spotlight,Def Leppard,"{""artist_id"": 297, ""retained_genre_slugs"": [""rock""], ""spotify_artist_id"": ""6H1RjVyNruCmrBEWRbD0VZ""}",backend/scripts/catalogs/output/topspot40_master_print_catalog.html#artist-spotlight-directory,proposed_pending_gary,Proposed A-195; no printed A-xxx assignment exists.
A-196,artist_spotlight,Eagles,"{""artist_id"": 222, ""retained_genre_slugs"": [""rock""], ""spotify_artist_id"": ""0ECwFtbIWEVNwjlrfc6xoL""}",backend/scripts/catalogs/output/topspot40_master_print_catalog.html#artist-spotlight-directory,proposed_pending_gary,Proposed A-196; no printed A-xxx assignment exists.
A-197,artist_spotlight,Fall Out Boy,"{""artist_id"": 1141, ""retained_genre_slugs"": [""rock""], ""spotify_artist_id"": ""4UXqAaa6dQYAk18Lv7PEgX""}",backend/scripts/catalogs/output/topspot40_master_print_catalog.html#artist-spotlight-directory,proposed_pending_gary,Proposed A-197; no printed A-xxx assignment exists.
A-198,artist_spotlight,Foo Fighters,"{""artist_id"": 83, ""retained_genre_slugs"": [""rock""], ""spotify_artist_id"": ""7jy3rLJdDQY21OgRLCZ9sD""}",backend/scripts/catalogs/output/topspot40_master_print_catalog.html#artist-spotlight-directory,proposed_pending_gary,Proposed A-198; no printed A-xxx assignment exists.
A-199,artist_spotlight,Green Day,"{""artist_id"": 70, ""retained_genre_slugs"": [""rock""], ""spotify_artist_id"": ""7oPftvlwr6VrsViSDV7fJY""}",backend/scripts/catalogs/output/topspot40_master_print_catalog.html#artist-spotlight-directory,proposed_pending_gary,Proposed A-199; no printed A-xxx assignment exists.
A-200,artist_spotlight,Guns N Roses,"{""artist_id"": 272, ""retained_genre_slugs"": [""rock""], ""spotify_artist_id"": ""3qm84nBOXUEQ2vnTfUTTFC""}",backend/scripts/catalogs/output/topspot40_master_print_catalog.html#artist-spotlight-directory,proposed_pending_gary,Proposed A-200; no printed A-xxx assignment exists.
A-201,artist_spotlight,Imagine Dragons,"{""artist_id"": 430, ""retained_genre_slugs"": [""rock""], ""spotify_artist_id"": ""53XhwfbYqKCa1cC15pYq2q""}",backend/scripts/catalogs/output/topspot40_master_print_catalog.html#artist-spotlight-directory,proposed_pending_gary,Proposed A-201; no printed A-xxx assignment exists.
A-202,artist_spotlight,Jerry Lee Lewis,"{""artist_id"": 1019, ""retained_genre_slugs"": [""rock""], ""spotify_artist_id"": ""2zyz0VJqrDXeFDIyrfVXSo""}",backend/scripts/catalogs/output/topspot40_master_print_catalog.html#artist-spotlight-directory,proposed_pending_gary,Proposed A-202; no printed A-xxx assignment exists.
A-203,artist_spotlight,Jimi Hendrix,"{""artist_id"": 175, ""retained_genre_slugs"": [""rock""], ""spotify_artist_id"": ""776Uo845nYHJpNaStv1Ds4""}",backend/scripts/catalogs/output/topspot40_master_print_catalog.html#artist-spotlight-directory,proposed_pending_gary,Proposed A-203; no printed A-xxx assignment exists.
A-204,artist_spotlight,Journey,"{""artist_id"": 279, ""retained_genre_slugs"": [""rock""], ""spotify_artist_id"": ""0rvjqX7ttXeg3mTy8Xscbt""}",backend/scripts/catalogs/output/topspot40_master_print_catalog.html#artist-spotlight-directory,proposed_pending_gary,Proposed A-204; no printed A-xxx assignment exists.
A-205,artist_spotlight,Led Zeppelin,"{""artist_id"": 236, ""retained_genre_slugs"": [""rock""], ""spotify_artist_id"": ""36QJpDe2go2KgaRleHCDTp""}",backend/scripts/catalogs/output/topspot40_master_print_catalog.html#artist-spotlight-directory,proposed_pending_gary,Proposed A-205; no printed A-xxx assignment exists.
A-206,artist_spotlight,Linkin Park,"{""artist_id"": 69, ""retained_genre_slugs"": [""rock""], ""spotify_artist_id"": ""6XyY86QOPPrYVGvF9ch6wz""}",backend/scripts/catalogs/output/topspot40_master_print_catalog.html#artist-spotlight-directory,proposed_pending_gary,Proposed A-206; no printed A-xxx assignment exists.
A-207,artist_spotlight,Machine Gun Kelly Blackbear,"{""artist_id"": 1168, ""retained_genre_slugs"": [""rock""], ""spotify_artist_id"": ""6TIYQ3jFPwQSRmorSezPxX""}",backend/scripts/catalogs/output/topspot40_master_print_catalog.html#artist-spotlight-directory,proposed_pending_gary,Proposed A-207; no printed A-xxx assignment exists.
A-208,artist_spotlight,Maneskin,"{""artist_id"": 1164, ""retained_genre_slugs"": [""rock""], ""spotify_artist_id"": ""0lAWpj5szCSwM4rUMHYmrr""}",backend/scripts/catalogs/output/topspot40_master_print_catalog.html#artist-spotlight-directory,proposed_pending_gary,Proposed A-208; no printed A-xxx assignment exists.
A-209,artist_spotlight,Metallica,"{""artist_id"": 370, ""retained_genre_slugs"": [""rock""], ""spotify_artist_id"": ""2ye2Wgw4gimLv2eAKyk1NB""}",backend/scripts/catalogs/output/topspot40_master_print_catalog.html#artist-spotlight-directory,proposed_pending_gary,Proposed A-209; no printed A-xxx assignment exists.
A-210,artist_spotlight,Mumford & Sons,"{""artist_id"": 439, ""retained_genre_slugs"": [""rock""], ""spotify_artist_id"": ""3gd8FJtBJtkRxdfbTu19U2""}",backend/scripts/catalogs/output/topspot40_master_print_catalog.html#artist-spotlight-directory,proposed_pending_gary,Proposed A-210; no printed A-xxx assignment exists.
A-211,artist_spotlight,Nirvana,"{""artist_id"": 334, ""retained_genre_slugs"": [""rock""], ""spotify_artist_id"": ""6olE6TJLqED3rqDCT0FyPh""}",backend/scripts/catalogs/output/topspot40_master_print_catalog.html#artist-spotlight-directory,proposed_pending_gary,Proposed A-211; no printed A-xxx assignment exists.
A-212,artist_spotlight,Paramore,"{""artist_id"": 1140, ""retained_genre_slugs"": [""rock""], ""spotify_artist_id"": ""74XFHRwlV6OrjEM0A2NCMF""}",backend/scripts/catalogs/output/topspot40_master_print_catalog.html#artist-spotlight-directory,proposed_pending_gary,Proposed A-212; no printed A-xxx assignment exists.
A-213,artist_spotlight,Pearl Jam,"{""artist_id"": 371, ""retained_genre_slugs"": [""rock""], ""spotify_artist_id"": ""1w5Kfo2jwwIPruYS2UWh56""}",backend/scripts/catalogs/output/topspot40_master_print_catalog.html#artist-spotlight-directory,proposed_pending_gary,Proposed A-213; no printed A-xxx assignment exists.
A-214,artist_spotlight,Phoebe Bridgers,"{""artist_id"": 1166, ""retained_genre_slugs"": [""rock""], ""spotify_artist_id"": ""1r1uxoy19fzMxunt3ONAkG""}",backend/scripts/catalogs/output/topspot40_master_print_catalog.html#artist-spotlight-directory,proposed_pending_gary,Proposed A-214; no printed A-xxx assignment exists.
A-215,artist_spotlight,Pink Floyd,"{""artist_id"": 248, ""retained_genre_slugs"": [""rock""], ""spotify_artist_id"": ""0k17h0D3J5VfsdmQ1iZtE9""}",backend/scripts/catalogs/output/topspot40_master_print_catalog.html#artist-spotlight-directory,proposed_pending_gary,Proposed A-215; no printed A-xxx assignment exists.
A-216,artist_spotlight,Queen,"{""artist_id"": 220, ""retained_genre_slugs"": [""rock""], ""spotify_artist_id"": ""1dfeR4HaWDbWqFHLkxsg1d""}",backend/scripts/catalogs/output/topspot40_master_print_catalog.html#artist-spotlight-directory,proposed_pending_gary,Proposed A-216; no printed A-xxx assignment exists.
A-217,artist_spotlight,Radiohead,"{""artist_id"": 341, ""retained_genre_slugs"": [""rock""], ""spotify_artist_id"": ""4Z8W4fKeB5YxbusRsdQVPb""}",backend/scripts/catalogs/output/topspot40_master_print_catalog.html#artist-spotlight-directory,proposed_pending_gary,Proposed A-217; no printed A-xxx assignment exists.
A-218,artist_spotlight,Red Hot Chili Peppers,"{""artist_id"": 71, ""retained_genre_slugs"": [""rock""], ""spotify_artist_id"": ""0L8ExT028jH3ddEcZwqJJ5""}",backend/scripts/catalogs/output/topspot40_master_print_catalog.html#artist-spotlight-directory,proposed_pending_gary,Proposed A-218; no printed A-xxx assignment exists.
A-219,artist_spotlight,The Clash,"{""artist_id"": 1044, ""retained_genre_slugs"": [""rock""], ""spotify_artist_id"": ""3RGLhK1IP9jnYFH4BRFJBS""}",backend/scripts/catalogs/output/topspot40_master_print_catalog.html#artist-spotlight-directory,proposed_pending_gary,Proposed A-219; no printed A-xxx assignment exists.
A-220,artist_spotlight,The Doors,"{""artist_id"": 170, ""retained_genre_slugs"": [""rock""], ""spotify_artist_id"": ""22WZ7M8sxp5THdruNY3gXt""}",backend/scripts/catalogs/output/topspot40_master_print_catalog.html#artist-spotlight-directory,proposed_pending_gary,Proposed A-220; no printed A-xxx assignment exists.
A-221,artist_spotlight,The Killers,"{""artist_id"": 75, ""retained_genre_slugs"": [""rock""], ""spotify_artist_id"": ""0C0XlULifJtAgn6ZNCW2eu""}",backend/scripts/catalogs/output/topspot40_master_print_catalog.html#artist-spotlight-directory,proposed_pending_gary,Proposed A-221; no printed A-xxx assignment exists.
A-222,artist_spotlight,The Rolling Stones,"{""artist_id"": 157, ""retained_genre_slugs"": [""rock""], ""spotify_artist_id"": ""22bE4uQ6baNwSHPVcDxLCe""}",backend/scripts/catalogs/output/topspot40_master_print_catalog.html#artist-spotlight-directory,proposed_pending_gary,Proposed A-222; no printed A-xxx assignment exists.
A-223,artist_spotlight,The Strokes,"{""artist_id"": 1139, ""retained_genre_slugs"": [""rock""], ""spotify_artist_id"": ""0epOFNiUfyON9EYx7Tpr6V""}",backend/scripts/catalogs/output/topspot40_master_print_catalog.html#artist-spotlight-directory,proposed_pending_gary,Proposed A-223; no printed A-xxx assignment exists.
A-224,artist_spotlight,The Who,"{""artist_id"": 116, ""retained_genre_slugs"": [""rock""], ""spotify_artist_id"": ""67ea9eGLXYMsO2eYQRui3w""}",backend/scripts/catalogs/output/topspot40_master_print_catalog.html#artist-spotlight-directory,proposed_pending_gary,Proposed A-224; no printed A-xxx assignment exists.
A-225,artist_spotlight,Twenty One Pilots,"{""artist_id"": 492, ""retained_genre_slugs"": [""rock""], ""spotify_artist_id"": ""3YQKmKGau1PzlVlkL1iodx""}",backend/scripts/catalogs/output/topspot40_master_print_catalog.html#artist-spotlight-directory,proposed_pending_gary,Proposed A-225; no printed A-xxx assignment exists.
A-226,artist_spotlight,U2,"{""artist_id"": 273, ""retained_genre_slugs"": [""rock""], ""spotify_artist_id"": ""51Blml2LZPmy7TTiAg47vQ""}",backend/scripts/catalogs/output/topspot40_master_print_catalog.html#artist-spotlight-directory,proposed_pending_gary,Proposed A-226; no printed A-xxx assignment exists.
D-001,music_docuseries_story,The Electric Guitar: The Instrument That Created Rock,"{""group_name"": ""Instruments That Changed Music"", ""group_slug"": ""musical_instruments"", ""music_docuseries_collection_id"": 11, ""music_docuseries_id"": 71, ""music_docuseries_slug"": ""history_electric_guitar"", ""music_docuseries_title"": ""The Electric Guitar: The Instrument That Created Rock""}",backend/scripts/catalogs/master_print_catalog.py#DOCUSERIES_GROUP_ORDER,proposed_pending_gary,No printed D-xxx assignment exists; proposed in catalog story order.
D-002,music_docuseries_story,The Piano: From the Parlor to Popular Music,"{""group_name"": ""Instruments That Changed Music"", ""group_slug"": ""musical_instruments"", ""music_docuseries_collection_id"": 11, ""music_docuseries_id"": 72, ""music_docuseries_slug"": ""history_of_piano"", ""music_docuseries_title"": ""The Piano: From the Parlor to Popular Music""}",backend/scripts/catalogs/master_print_catalog.py#DOCUSERIES_GROUP_ORDER,proposed_pending_gary,No printed D-xxx assignment exists; proposed in catalog story order.
D-003,music_docuseries_story,The Saxophone: The Voice of Jazz and Soul,"{""group_name"": ""Instruments That Changed Music"", ""group_slug"": ""musical_instruments"", ""music_docuseries_collection_id"": 11, ""music_docuseries_id"": 73, ""music_docuseries_slug"": ""history_of_saxophone"", ""music_docuseries_title"": ""The Saxophone: The Voice of Jazz and Soul""}",backend/scripts/catalogs/master_print_catalog.py#DOCUSERIES_GROUP_ORDER,proposed_pending_gary,No printed D-xxx assignment exists; proposed in catalog story order.
D-004,music_docuseries_story,"The Accordion: From Europe to Mexico, Texas, and Brazil","{""group_name"": ""Instruments That Changed Music"", ""group_slug"": ""musical_instruments"", ""music_docuseries_collection_id"": 11, ""music_docuseries_id"": 74, ""music_docuseries_slug"": ""history_of_accordion"", ""music_docuseries_title"": ""The Accordion: From Europe to Mexico, Texas, and Brazil""}",backend/scripts/catalogs/master_print_catalog.py#DOCUSERIES_GROUP_ORDER,proposed_pending_gary,No printed D-xxx assignment exists; proposed in catalog story order.
D-005,music_docuseries_story,The Steel Guitar: The Sound That Defined Country Music,"{""group_name"": ""Instruments That Changed Music"", ""group_slug"": ""musical_instruments"", ""music_docuseries_collection_id"": 11, ""music_docuseries_id"": 75, ""music_docuseries_slug"": ""history_steel_guitar"", ""music_docuseries_title"": ""The Steel Guitar: The Sound That Defined Country Music""}",backend/scripts/catalogs/master_print_catalog.py#DOCUSERIES_GROUP_ORDER,proposed_pending_gary,No printed D-xxx assignment exists; proposed in catalog story order.
D-006,music_docuseries_story,"The Hammond Organ: The Soul of Gospel, Jazz, and Rock","{""group_name"": ""Instruments That Changed Music"", ""group_slug"": ""musical_instruments"", ""music_docuseries_collection_id"": 11, ""music_docuseries_id"": 76, ""music_docuseries_slug"": ""history_hammond_organ"", ""music_docuseries_title"": ""The Hammond Organ: The Soul of Gospel, Jazz, and Rock""}",backend/scripts/catalogs/master_print_catalog.py#DOCUSERIES_GROUP_ORDER,proposed_pending_gary,No printed D-xxx assignment exists; proposed in catalog story order.
D-007,music_docuseries_story,The Synthesizer: How Electronic Sound Changed Music,"{""group_name"": ""Instruments That Changed Music"", ""group_slug"": ""musical_instruments"", ""music_docuseries_collection_id"": 11, ""music_docuseries_id"": 77, ""music_docuseries_slug"": ""history_of_synthesizer"", ""music_docuseries_title"": ""The Synthesizer: How Electronic Sound Changed Music""}",backend/scripts/catalogs/master_print_catalog.py#DOCUSERIES_GROUP_ORDER,proposed_pending_gary,No printed D-xxx assignment exists; proposed in catalog story order.
D-008,music_docuseries_story,The Drum Machine: The Beat Behind Hip-Hop and Modern Pop,"{""group_name"": ""Instruments That Changed Music"", ""group_slug"": ""musical_instruments"", ""music_docuseries_collection_id"": 11, ""music_docuseries_id"": 78, ""music_docuseries_slug"": ""history_drum_machine"", ""music_docuseries_title"": ""The Drum Machine: The Beat Behind Hip-Hop and Modern Pop""}",backend/scripts/catalogs/master_print_catalog.py#DOCUSERIES_GROUP_ORDER,proposed_pending_gary,No printed D-xxx assignment exists; proposed in catalog story order.
D-009,music_docuseries_story,The Birth of Rock & Roll,"{""group_name"": ""Movements & Revolutions"", ""group_slug"": ""movements_revolutions"", ""music_docuseries_collection_id"": 2, ""music_docuseries_id"": 7, ""music_docuseries_slug"": ""birth_of_rock_and_roll"", ""music_docuseries_title"": ""The Birth of Rock & Roll""}",backend/scripts/catalogs/master_print_catalog.py#DOCUSERIES_GROUP_ORDER,proposed_pending_gary,No printed D-xxx assignment exists; proposed in catalog story order.
D-010,music_docuseries_story,The British Invasion,"{""group_name"": ""Movements & Revolutions"", ""group_slug"": ""movements_revolutions"", ""music_docuseries_collection_id"": 2, ""music_docuseries_id"": 8, ""music_docuseries_slug"": ""british_invasion"", ""music_docuseries_title"": ""The British Invasion""}",backend/scripts/catalogs/master_print_catalog.py#DOCUSERIES_GROUP_ORDER,proposed_pending_gary,No printed D-xxx assignment exists; proposed in catalog story order.
D-011,music_docuseries_story,The Rise of Motown,"{""group_name"": ""Movements & Revolutions"", ""group_slug"": ""movements_revolutions"", ""music_docuseries_collection_id"": 2, ""music_docuseries_id"": 9, ""music_docuseries_slug"": ""rise_of_motown"", ""music_docuseries_title"": ""The Rise of Motown""}",backend/scripts/catalogs/master_print_catalog.py#DOCUSERIES_GROUP_ORDER,proposed_pending_gary,No printed D-xxx assignment exists; proposed in catalog story order.
D-012,music_docuseries_story,The Birth of Hip-Hop,"{""group_name"": ""Movements & Revolutions"", ""group_slug"": ""movements_revolutions"", ""music_docuseries_collection_id"": 2, ""music_docuseries_id"": 10, ""music_docuseries_slug"": ""birth_of_hip_hop"", ""music_docuseries_title"": ""The Birth of Hip-Hop""}",backend/scripts/catalogs/master_print_catalog.py#DOCUSERIES_GROUP_ORDER,proposed_pending_gary,No printed D-xxx assignment exists; proposed in catalog story order.
D-013,music_docuseries_story,Napster Changes Music Forever,"{""group_name"": ""Movements & Revolutions"", ""group_slug"": ""movements_revolutions"", ""music_docuseries_collection_id"": 2, ""music_docuseries_id"": 11, ""music_docuseries_slug"": ""napster_changes_music_forever"", ""music_docuseries_title"": ""Napster Changes Music Forever""}",backend/scripts/catalogs/master_print_catalog.py#DOCUSERIES_GROUP_ORDER,proposed_pending_gary,No printed D-xxx assignment exists; proposed in catalog story order.
D-014,music_docuseries_story,The MTV Revolution,"{""group_name"": ""Movements & Revolutions"", ""group_slug"": ""movements_revolutions"", ""music_docuseries_collection_id"": 2, ""music_docuseries_id"": 12, ""music_docuseries_slug"": ""mtv_revolution"", ""music_docuseries_title"": ""The MTV Revolution""}",backend/scripts/catalogs/master_print_catalog.py#DOCUSERIES_GROUP_ORDER,proposed_pending_gary,No printed D-xxx assignment exists; proposed in catalog story order.
D-015,music_docuseries_story,The Story of Mariachi,"{""group_name"": ""Movements & Revolutions"", ""group_slug"": ""movements_revolutions"", ""music_docuseries_collection_id"": 2, ""music_docuseries_id"": 13, ""music_docuseries_slug"": ""story_of_mariachi"", ""music_docuseries_title"": ""The Story of Mariachi""}",backend/scripts/catalogs/master_print_catalog.py#DOCUSERIES_GROUP_ORDER,proposed_pending_gary,No printed D-xxx assignment exists; proposed in catalog story order.
D-016,music_docuseries_story,The Birth of Bossa Nova,"{""group_name"": ""Movements & Revolutions"", ""group_slug"": ""movements_revolutions"", ""music_docuseries_collection_id"": 2, ""music_docuseries_id"": 14, ""music_docuseries_slug"": ""birth_of_bossa_nova"", ""music_docuseries_title"": ""The Birth of Bossa Nova""}",backend/scripts/catalogs/master_print_catalog.py#DOCUSERIES_GROUP_ORDER,proposed_pending_gary,No printed D-xxx assignment exists; proposed in catalog story order.
D-017,music_docuseries_story,The Story of Samba,"{""group_name"": ""Movements & Revolutions"", ""group_slug"": ""movements_revolutions"", ""music_docuseries_collection_id"": 2, ""music_docuseries_id"": 15, ""music_docuseries_slug"": ""story_of_samba"", ""music_docuseries_title"": ""The Story of Samba""}",backend/scripts/catalogs/master_print_catalog.py#DOCUSERIES_GROUP_ORDER,proposed_pending_gary,No printed D-xxx assignment exists; proposed in catalog story order.
D-018,music_docuseries_story,The Story of Tango,"{""group_name"": ""Movements & Revolutions"", ""group_slug"": ""movements_revolutions"", ""music_docuseries_collection_id"": 2, ""music_docuseries_id"": 16, ""music_docuseries_slug"": ""story_of_tango"", ""music_docuseries_title"": ""The Story of Tango""}",backend/scripts/catalogs/master_print_catalog.py#DOCUSERIES_GROUP_ORDER,proposed_pending_gary,No printed D-xxx assignment exists; proposed in catalog story order.
D-019,music_docuseries_story,The Story of Flamenco,"{""group_name"": ""Movements & Revolutions"", ""group_slug"": ""movements_revolutions"", ""music_docuseries_collection_id"": 2, ""music_docuseries_id"": 17, ""music_docuseries_slug"": ""story_of_flamenco"", ""music_docuseries_title"": ""The Story of Flamenco""}",backend/scripts/catalogs/master_print_catalog.py#DOCUSERIES_GROUP_ORDER,proposed_pending_gary,No printed D-xxx assignment exists; proposed in catalog story order.
D-020,music_docuseries_story,Cuban Son: The Foundation of Latin Popular Music,"{""group_name"": ""Latin America and the Caribbean"", ""group_slug"": ""latin_america_and_caribbean"", ""music_docuseries_collection_id"": 15, ""music_docuseries_id"": 59, ""music_docuseries_slug"": ""story_of_cuban_son"", ""music_docuseries_title"": ""Cuban Son: The Foundation of Latin Popular Music""}",backend/scripts/catalogs/master_print_catalog.py#DOCUSERIES_GROUP_ORDER,proposed_pending_gary,No printed D-xxx assignment exists; proposed in catalog story order.
D-021,music_docuseries_story,Cumbia: From Colombia Across the Americas,"{""group_name"": ""Latin America and the Caribbean"", ""group_slug"": ""latin_america_and_caribbean"", ""music_docuseries_collection_id"": 15, ""music_docuseries_id"": 109, ""music_docuseries_slug"": ""cumbia_across_the_americas"", ""music_docuseries_title"": ""Cumbia: From Colombia Across the Americas""}",backend/scripts/catalogs/master_print_catalog.py#DOCUSERIES_GROUP_ORDER,proposed_pending_gary,No printed D-xxx assignment exists; proposed in catalog story order.
D-022,music_docuseries_story,Merengue: The Fast-Moving Sound of the Caribbean,"{""group_name"": ""Latin America and the Caribbean"", ""group_slug"": ""latin_america_and_caribbean"", ""music_docuseries_collection_id"": 15, ""music_docuseries_id"": 61, ""music_docuseries_slug"": ""story_of_merengue"", ""music_docuseries_title"": ""Merengue: The Fast-Moving Sound of the Caribbean""}",backend/scripts/catalogs/master_print_catalog.py#DOCUSERIES_GROUP_ORDER,proposed_pending_gary,No printed D-xxx assignment exists; proposed in catalog story order.
D-023,music_docuseries_story,Bachata: From the Dominican Republic to the World,"{""group_name"": ""Latin America and the Caribbean"", ""group_slug"": ""latin_america_and_caribbean"", ""music_docuseries_collection_id"": 15, ""music_docuseries_id"": 110, ""music_docuseries_slug"": ""bachata_to_the_world"", ""music_docuseries_title"": ""Bachata: From the Dominican Republic to the World""}",backend/scripts/catalogs/master_print_catalog.py#DOCUSERIES_GROUP_ORDER,proposed_pending_gary,No printed D-xxx assignment exists; proposed in catalog story order.
D-024,music_docuseries_story,Salsa and the Fania Records Revolution,"{""group_name"": ""Latin America and the Caribbean"", ""group_slug"": ""latin_america_and_caribbean"", ""music_docuseries_collection_id"": 15, ""music_docuseries_id"": 58, ""music_docuseries_slug"": ""salsa_fania_revolution"", ""music_docuseries_title"": ""Salsa and the Fania Records Revolution""}",backend/scripts/catalogs/master_print_catalog.py#DOCUSERIES_GROUP_ORDER,proposed_pending_gary,No printed D-xxx assignment exists; proposed in catalog story order.
D-025,music_docuseries_story,Latin Jazz: When Afro-Cuban Rhythm Met American Jazz,"{""group_name"": ""Latin America and the Caribbean"", ""group_slug"": ""latin_america_and_caribbean"", ""music_docuseries_collection_id"": 15, ""music_docuseries_id"": 64, ""music_docuseries_slug"": ""story_of_latin_jazz"", ""music_docuseries_title"": ""Latin Jazz: When Afro-Cuban Rhythm Met American Jazz""}",backend/scripts/catalogs/master_print_catalog.py#DOCUSERIES_GROUP_ORDER,proposed_pending_gary,No printed D-xxx assignment exists; proposed in catalog story order.
D-026,music_docuseries_story,"Nueva Canción: Music, Poetry, and Protest","{""group_name"": ""Latin America and the Caribbean"", ""group_slug"": ""latin_america_and_caribbean"", ""music_docuseries_collection_id"": 15, ""music_docuseries_id"": 63, ""music_docuseries_slug"": ""nueva_cancion"", ""music_docuseries_title"": ""Nueva Canci\u00f3n: Music, Poetry, and Protest""}",backend/scripts/catalogs/master_print_catalog.py#DOCUSERIES_GROUP_ORDER,proposed_pending_gary,No printed D-xxx assignment exists; proposed in catalog story order.
D-027,music_docuseries_story,Reggae and Dancehall,"{""group_name"": ""Latin America and the Caribbean"", ""group_slug"": ""latin_america_and_caribbean"", ""music_docuseries_collection_id"": 15, ""music_docuseries_id"": 107, ""music_docuseries_slug"": ""reggae_and_dancehall"", ""music_docuseries_title"": ""Reggae and Dancehall""}",backend/scripts/catalogs/master_print_catalog.py#DOCUSERIES_GROUP_ORDER,proposed_pending_gary,No printed D-xxx assignment exists; proposed in catalog story order.
D-028,music_docuseries_story,Rock en Español and Latin Alternative Music,"{""group_name"": ""Latin America and the Caribbean"", ""group_slug"": ""latin_america_and_caribbean"", ""music_docuseries_collection_id"": 15, ""music_docuseries_id"": 108, ""music_docuseries_slug"": ""rock_en_espanol_and_latin_alternative"", ""music_docuseries_title"": ""Rock en Espa\u00f1ol and Latin Alternative Music""}",backend/scripts/catalogs/master_print_catalog.py#DOCUSERIES_GROUP_ORDER,proposed_pending_gary,No printed D-xxx assignment exists; proposed in catalog story order.
D-029,music_docuseries_story,Reggaeton and the Latin Urban Revolution,"{""group_name"": ""Latin America and the Caribbean"", ""group_slug"": ""latin_america_and_caribbean"", ""music_docuseries_collection_id"": 15, ""music_docuseries_id"": 111, ""music_docuseries_slug"": ""reggaeton_latin_urban_revolution"", ""music_docuseries_title"": ""Reggaeton and the Latin Urban Revolution""}",backend/scripts/catalogs/master_print_catalog.py#DOCUSERIES_GROUP_ORDER,proposed_pending_gary,No printed D-xxx assignment exists; proposed in catalog story order.
D-030,music_docuseries_story,Latin Trap,"{""group_name"": ""Latin America and the Caribbean"", ""group_slug"": ""latin_america_and_caribbean"", ""music_docuseries_collection_id"": 15, ""music_docuseries_id"": 112, ""music_docuseries_slug"": ""rise_of_latin_trap"", ""music_docuseries_title"": ""Latin Trap""}",backend/scripts/catalogs/master_print_catalog.py#DOCUSERIES_GROUP_ORDER,proposed_pending_gary,No printed D-xxx assignment exists; proposed in catalog story order.
D-031,music_docuseries_story,Corridos Tumbados: Tradition Meets Hip-Hop and Trap,"{""group_name"": ""Latin America and the Caribbean"", ""group_slug"": ""latin_america_and_caribbean"", ""music_docuseries_collection_id"": 15, ""music_docuseries_id"": 113, ""music_docuseries_slug"": ""history_of_corridos_tumbados"", ""music_docuseries_title"": ""Corridos Tumbados: Tradition Meets Hip-Hop and Trap""}",backend/scripts/catalogs/master_print_catalog.py#DOCUSERIES_GROUP_ORDER,proposed_pending_gary,No printed D-xxx assignment exists; proposed in catalog story order.
D-032,music_docuseries_story,The Fabulous Fifties,"{""group_name"": ""History & Eras"", ""group_slug"": ""history_eras"", ""music_docuseries_collection_id"": 1, ""music_docuseries_id"": 1, ""music_docuseries_slug"": ""fabulous_fifties"", ""music_docuseries_title"": ""The Fabulous Fifties""}",backend/scripts/catalogs/master_print_catalog.py#DOCUSERIES_GROUP_ORDER,proposed_pending_gary,No printed D-xxx assignment exists; proposed in catalog story order.
D-033,music_docuseries_story,The Swinging Sixties,"{""group_name"": ""History & Eras"", ""group_slug"": ""history_eras"", ""music_docuseries_collection_id"": 1, ""music_docuseries_id"": 2, ""music_docuseries_slug"": ""swinging_sixties"", ""music_docuseries_title"": ""The Swinging Sixties""}",backend/scripts/catalogs/master_print_catalog.py#DOCUSERIES_GROUP_ORDER,proposed_pending_gary,No printed D-xxx assignment exists; proposed in catalog story order.
D-034,music_docuseries_story,The Seventies: A Decade of Change,"{""group_name"": ""History & Eras"", ""group_slug"": ""history_eras"", ""music_docuseries_collection_id"": 1, ""music_docuseries_id"": 3, ""music_docuseries_slug"": ""seventies_decade_of_change"", ""music_docuseries_title"": ""The Seventies: A Decade of Change""}",backend/scripts/catalogs/master_print_catalog.py#DOCUSERIES_GROUP_ORDER,proposed_pending_gary,No printed D-xxx assignment exists; proposed in catalog story order.
D-035,music_docuseries_story,MTV and the Eighties,"{""group_name"": ""History & Eras"", ""group_slug"": ""history_eras"", ""music_docuseries_collection_id"": 1, ""music_docuseries_id"": 4, ""music_docuseries_slug"": ""mtv_and_the_eighties"", ""music_docuseries_title"": ""MTV and the Eighties""}",backend/scripts/catalogs/master_print_catalog.py#DOCUSERIES_GROUP_ORDER,proposed_pending_gary,No printed D-xxx assignment exists; proposed in catalog story order.
D-036,music_docuseries_story,Alternative Nation: The Nineties,"{""group_name"": ""History & Eras"", ""group_slug"": ""history_eras"", ""music_docuseries_collection_id"": 1, ""music_docuseries_id"": 5, ""music_docuseries_slug"": ""alternative_nation_nineties"", ""music_docuseries_title"": ""Alternative Nation: The Nineties""}",backend/scripts/catalogs/master_print_catalog.py#DOCUSERIES_GROUP_ORDER,proposed_pending_gary,No printed D-xxx assignment exists; proposed in catalog story order.
D-037,music_docuseries_story,Music in the New Millennium,"{""group_name"": ""History & Eras"", ""group_slug"": ""history_eras"", ""music_docuseries_collection_id"": 1, ""music_docuseries_id"": 6, ""music_docuseries_slug"": ""music_in_the_new_millennium"", ""music_docuseries_title"": ""Music in the New Millennium""}",backend/scripts/catalogs/master_print_catalog.py#DOCUSERIES_GROUP_ORDER,proposed_pending_gary,No printed D-xxx assignment exists; proposed in catalog story order.
D-038,music_docuseries_story,Beatles vs. Stones,"{""group_name"": ""Legends & Rivalries"", ""group_slug"": ""legends_rivalries"", ""music_docuseries_collection_id"": 3, ""music_docuseries_id"": 18, ""music_docuseries_slug"": ""beatles_vs_stones"", ""music_docuseries_title"": ""Beatles vs. Stones""}",backend/scripts/catalogs/master_print_catalog.py#DOCUSERIES_GROUP_ORDER,proposed_pending_gary,No printed D-xxx assignment exists; proposed in catalog story order.
D-039,music_docuseries_story,Elvis vs. Sinatra,"{""group_name"": ""Legends & Rivalries"", ""group_slug"": ""legends_rivalries"", ""music_docuseries_collection_id"": 3, ""music_docuseries_id"": 19, ""music_docuseries_slug"": ""elvis_vs_sinatra"", ""music_docuseries_title"": ""Elvis vs. Sinatra""}",backend/scripts/catalogs/master_print_catalog.py#DOCUSERIES_GROUP_ORDER,proposed_pending_gary,No printed D-xxx assignment exists; proposed in catalog story order.
D-040,music_docuseries_story,Country Traditionalists vs. Country Pop,"{""group_name"": ""Legends & Rivalries"", ""group_slug"": ""legends_rivalries"", ""music_docuseries_collection_id"": 3, ""music_docuseries_id"": 20, ""music_docuseries_slug"": ""country_traditionalists_vs_country_pop"", ""music_docuseries_title"": ""Country Traditionalists vs. Country Pop""}",backend/scripts/catalogs/master_print_catalog.py#DOCUSERIES_GROUP_ORDER,proposed_pending_gary,No printed D-xxx assignment exists; proposed in catalog story order.
D-041,music_docuseries_story,Ranchera vs. Norteño,"{""group_name"": ""Legends & Rivalries"", ""group_slug"": ""legends_rivalries"", ""music_docuseries_collection_id"": 3, ""music_docuseries_id"": 21, ""music_docuseries_slug"": ""ranchera_vs_norteno"", ""music_docuseries_title"": ""Ranchera vs. Norte\u00f1o""}",backend/scripts/catalogs/master_print_catalog.py#DOCUSERIES_GROUP_ORDER,proposed_pending_gary,No printed D-xxx assignment exists; proposed in catalog story order.
D-042,music_docuseries_story,Vicente Fernández vs. Antonio Aguilar,"{""group_name"": ""Legends & Rivalries"", ""group_slug"": ""legends_rivalries"", ""music_docuseries_collection_id"": 3, ""music_docuseries_id"": 22, ""music_docuseries_slug"": ""vicente_fernandez_vs_antonio_aguilar"", ""music_docuseries_title"": ""Vicente Fern\u00e1ndez vs. Antonio Aguilar""}",backend/scripts/catalogs/master_print_catalog.py#DOCUSERIES_GROUP_ORDER,proposed_pending_gary,No printed D-xxx assignment exists; proposed in catalog story order.
D-043,music_docuseries_story,Bossa Nova vs. Samba,"{""group_name"": ""Legends & Rivalries"", ""group_slug"": ""legends_rivalries"", ""music_docuseries_collection_id"": 3, ""music_docuseries_id"": 23, ""music_docuseries_slug"": ""bossa_nova_vs_samba"", ""music_docuseries_title"": ""Bossa Nova vs. Samba""}",backend/scripts/catalogs/master_print_catalog.py#DOCUSERIES_GROUP_ORDER,proposed_pending_gary,No printed D-xxx assignment exists; proposed in catalog story order.
D-044,music_docuseries_story,The Birth of Country Music,"{""group_name"": ""Foundations, Technology, and Events"", ""group_slug"": ""foundations_technology_events"", ""music_docuseries_collection_id"": 13, ""music_docuseries_id"": 87, ""music_docuseries_slug"": ""birth_of_country_music"", ""music_docuseries_title"": ""The Birth of Country Music""}",backend/scripts/catalogs/master_print_catalog.py#DOCUSERIES_GROUP_ORDER,proposed_pending_gary,No printed D-xxx assignment exists; proposed in catalog story order.
D-045,music_docuseries_story,From Delta Blues to Chicago Blues,"{""group_name"": ""Foundations, Technology, and Events"", ""group_slug"": ""foundations_technology_events"", ""music_docuseries_collection_id"": 13, ""music_docuseries_id"": 88, ""music_docuseries_slug"": ""delta_to_chicago_blues"", ""music_docuseries_title"": ""From Delta Blues to Chicago Blues""}",backend/scripts/catalogs/master_print_catalog.py#DOCUSERIES_GROUP_ORDER,proposed_pending_gary,No printed D-xxx assignment exists; proposed in catalog story order.
D-046,music_docuseries_story,How Gospel Music Shaped Popular Music,"{""group_name"": ""Foundations, Technology, and Events"", ""group_slug"": ""foundations_technology_events"", ""music_docuseries_collection_id"": 13, ""music_docuseries_id"": 89, ""music_docuseries_slug"": ""gospel_shapes_popular_music"", ""music_docuseries_title"": ""How Gospel Music Shaped Popular Music""}",backend/scripts/catalogs/master_print_catalog.py#DOCUSERIES_GROUP_ORDER,proposed_pending_gary,No printed D-xxx assignment exists; proposed in catalog story order.
D-047,music_docuseries_story,The Birth of Jazz in New Orleans,"{""group_name"": ""Foundations, Technology, and Events"", ""group_slug"": ""foundations_technology_events"", ""music_docuseries_collection_id"": 13, ""music_docuseries_id"": 90, ""music_docuseries_slug"": ""birth_of_jazz"", ""music_docuseries_title"": ""The Birth of Jazz in New Orleans""}",backend/scripts/catalogs/master_print_catalog.py#DOCUSERIES_GROUP_ORDER,proposed_pending_gary,No printed D-xxx assignment exists; proposed in catalog story order.
D-048,music_docuseries_story,"Disco: The Rise, Backlash, and Revival","{""group_name"": ""Foundations, Technology, and Events"", ""group_slug"": ""foundations_technology_events"", ""music_docuseries_collection_id"": 13, ""music_docuseries_id"": 91, ""music_docuseries_slug"": ""disco_rise_backlash_revival"", ""music_docuseries_title"": ""Disco: The Rise, Backlash, and Revival""}",backend/scripts/catalogs/master_print_catalog.py#DOCUSERIES_GROUP_ORDER,proposed_pending_gary,No printed D-xxx assignment exists; proposed in catalog story order.
D-049,music_docuseries_story,Punk Rock: The Revolution That Rejected Everything,"{""group_name"": ""Foundations, Technology, and Events"", ""group_slug"": ""foundations_technology_events"", ""music_docuseries_collection_id"": 13, ""music_docuseries_id"": 92, ""music_docuseries_slug"": ""punk_rock_revolution"", ""music_docuseries_title"": ""Punk Rock: The Revolution That Rejected Everything""}",backend/scripts/catalogs/master_print_catalog.py#DOCUSERIES_GROUP_ORDER,proposed_pending_gary,No printed D-xxx assignment exists; proposed in catalog story order.
D-050,music_docuseries_story,Reggae Goes Global,"{""group_name"": ""Foundations, Technology, and Events"", ""group_slug"": ""foundations_technology_events"", ""music_docuseries_collection_id"": 13, ""music_docuseries_id"": 93, ""music_docuseries_slug"": ""reggae_goes_global"", ""music_docuseries_title"": ""Reggae Goes Global""}",backend/scripts/catalogs/master_print_catalog.py#DOCUSERIES_GROUP_ORDER,proposed_pending_gary,No printed D-xxx assignment exists; proposed in catalog story order.
D-051,music_docuseries_story,Sun Records: The Tiny Studio That Launched Rock & Roll,"{""group_name"": ""Foundations, Technology, and Events"", ""group_slug"": ""foundations_technology_events"", ""music_docuseries_collection_id"": 13, ""music_docuseries_id"": 94, ""music_docuseries_slug"": ""story_of_sun_records"", ""music_docuseries_title"": ""Sun Records: The Tiny Studio That Launched Rock & Roll""}",backend/scripts/catalogs/master_print_catalog.py#DOCUSERIES_GROUP_ORDER,proposed_pending_gary,No printed D-xxx assignment exists; proposed in catalog story order.
D-052,music_docuseries_story,Stax Records and the Memphis Soul Revolution,"{""group_name"": ""Foundations, Technology, and Events"", ""group_slug"": ""foundations_technology_events"", ""music_docuseries_collection_id"": 13, ""music_docuseries_id"": 95, ""music_docuseries_slug"": ""stax_memphis_soul"", ""music_docuseries_title"": ""Stax Records and the Memphis Soul Revolution""}",backend/scripts/catalogs/master_print_catalog.py#DOCUSERIES_GROUP_ORDER,proposed_pending_gary,No printed D-xxx assignment exists; proposed in catalog story order.
D-053,music_docuseries_story,Muscle Shoals: The Small Town with the Biggest Sound,"{""group_name"": ""Foundations, Technology, and Events"", ""group_slug"": ""foundations_technology_events"", ""music_docuseries_collection_id"": 13, ""music_docuseries_id"": 96, ""music_docuseries_slug"": ""muscle_shoals_sound"", ""music_docuseries_title"": ""Muscle Shoals: The Small Town with the Biggest Sound""}",backend/scripts/catalogs/master_print_catalog.py#DOCUSERIES_GROUP_ORDER,proposed_pending_gary,No printed D-xxx assignment exists; proposed in catalog story order.
D-054,music_docuseries_story,The Wrecking Crew: The Musicians Behind the Hits,"{""group_name"": ""Foundations, Technology, and Events"", ""group_slug"": ""foundations_technology_events"", ""music_docuseries_collection_id"": 13, ""music_docuseries_id"": 97, ""music_docuseries_slug"": ""the_wrecking_crew"", ""music_docuseries_title"": ""The Wrecking Crew: The Musicians Behind the Hits""}",backend/scripts/catalogs/master_print_catalog.py#DOCUSERIES_GROUP_ORDER,proposed_pending_gary,No printed D-xxx assignment exists; proposed in catalog story order.
D-055,music_docuseries_story,Live Aid: The Day Music Tried to Save the World,"{""group_name"": ""Foundations, Technology, and Events"", ""group_slug"": ""foundations_technology_events"", ""music_docuseries_collection_id"": 13, ""music_docuseries_id"": 98, ""music_docuseries_slug"": ""story_of_live_aid"", ""music_docuseries_title"": ""Live Aid: The Day Music Tried to Save the World""}",backend/scripts/catalogs/master_print_catalog.py#DOCUSERIES_GROUP_ORDER,proposed_pending_gary,No printed D-xxx assignment exists; proposed in catalog story order.
D-056,music_docuseries_story,The 45 RPM Record and the Rise of the Jukebox,"{""group_name"": ""Foundations, Technology, and Events"", ""group_slug"": ""foundations_technology_events"", ""music_docuseries_collection_id"": 13, ""music_docuseries_id"": 99, ""music_docuseries_slug"": ""rise_of_45_and_jukebox"", ""music_docuseries_title"": ""The 45 RPM Record and the Rise of the Jukebox""}",backend/scripts/catalogs/master_print_catalog.py#DOCUSERIES_GROUP_ORDER,proposed_pending_gary,No printed D-xxx assignment exists; proposed in catalog story order.
D-057,music_docuseries_story,From 8-Tracks to the Walkman: Music on the Move,"{""group_name"": ""Foundations, Technology, and Events"", ""group_slug"": ""foundations_technology_events"", ""music_docuseries_collection_id"": 13, ""music_docuseries_id"": 100, ""music_docuseries_slug"": ""eight_tracks_to_walkman"", ""music_docuseries_title"": ""From 8-Tracks to the Walkman: Music on the Move""}",backend/scripts/catalogs/master_print_catalog.py#DOCUSERIES_GROUP_ORDER,proposed_pending_gary,No printed D-xxx assignment exists; proposed in catalog story order.
D-058,music_docuseries_story,Ed Sullivan: The Man Who Introduced America to Rock & Roll,"{""group_name"": ""The People Behind the Music"", ""group_slug"": ""people_behind_the_music"", ""music_docuseries_collection_id"": 7, ""music_docuseries_id"": 33, ""music_docuseries_slug"": ""ed_sullivan"", ""music_docuseries_title"": ""Ed Sullivan: The Man Who Introduced America to Rock & Roll""}",backend/scripts/catalogs/master_print_catalog.py#DOCUSERIES_GROUP_ORDER,proposed_pending_gary,No printed D-xxx assignment exists; proposed in catalog story order.
D-059,music_docuseries_story,Dick Clark: America's Oldest Teenager,"{""group_name"": ""The People Behind the Music"", ""group_slug"": ""people_behind_the_music"", ""music_docuseries_collection_id"": 7, ""music_docuseries_id"": 34, ""music_docuseries_slug"": ""dick_clark"", ""music_docuseries_title"": ""Dick Clark: America's Oldest Teenager""}",backend/scripts/catalogs/master_print_catalog.py#DOCUSERIES_GROUP_ORDER,proposed_pending_gary,No printed D-xxx assignment exists; proposed in catalog story order.
D-060,music_docuseries_story,Don Cornelius: The Soul Train Revolution,"{""group_name"": ""The People Behind the Music"", ""group_slug"": ""people_behind_the_music"", ""music_docuseries_collection_id"": 7, ""music_docuseries_id"": 35, ""music_docuseries_slug"": ""don_cornelius"", ""music_docuseries_title"": ""Don Cornelius: The Soul Train Revolution""}",backend/scripts/catalogs/master_print_catalog.py#DOCUSERIES_GROUP_ORDER,proposed_pending_gary,No printed D-xxx assignment exists; proposed in catalog story order.
D-061,music_docuseries_story,Casey Kasem: The Voice of America's Top 40,"{""group_name"": ""The People Behind the Music"", ""group_slug"": ""people_behind_the_music"", ""music_docuseries_collection_id"": 7, ""music_docuseries_id"": 36, ""music_docuseries_slug"": ""casey_kasem"", ""music_docuseries_title"": ""Casey Kasem: The Voice of America's Top 40""}",backend/scripts/catalogs/master_print_catalog.py#DOCUSERIES_GROUP_ORDER,proposed_pending_gary,No printed D-xxx assignment exists; proposed in catalog story order.
D-062,music_docuseries_story,Alan Freed: The DJ Who Named Rock & Roll,"{""group_name"": ""The People Behind the Music"", ""group_slug"": ""people_behind_the_music"", ""music_docuseries_collection_id"": 7, ""music_docuseries_id"": 37, ""music_docuseries_slug"": ""alan_freed"", ""music_docuseries_title"": ""Alan Freed: The DJ Who Named Rock & Roll""}",backend/scripts/catalogs/master_print_catalog.py#DOCUSERIES_GROUP_ORDER,proposed_pending_gary,No printed D-xxx assignment exists; proposed in catalog story order.
D-063,music_docuseries_story,Sam Phillips: The Man Who Discovered Elvis,"{""group_name"": ""The People Behind the Music"", ""group_slug"": ""people_behind_the_music"", ""music_docuseries_collection_id"": 7, ""music_docuseries_id"": 38, ""music_docuseries_slug"": ""sam_phillips"", ""music_docuseries_title"": ""Sam Phillips: The Man Who Discovered Elvis""}",backend/scripts/catalogs/master_print_catalog.py#DOCUSERIES_GROUP_ORDER,proposed_pending_gary,No printed D-xxx assignment exists; proposed in catalog story order.
D-064,music_docuseries_story,Berry Gordy: Building the Motown Sound,"{""group_name"": ""The People Behind the Music"", ""group_slug"": ""people_behind_the_music"", ""music_docuseries_collection_id"": 7, ""music_docuseries_id"": 39, ""music_docuseries_slug"": ""berry_gordy"", ""music_docuseries_title"": ""Berry Gordy: Building the Motown Sound""}",backend/scripts/catalogs/master_print_catalog.py#DOCUSERIES_GROUP_ORDER,proposed_pending_gary,No printed D-xxx assignment exists; proposed in catalog story order.
D-065,music_docuseries_story,George Martin: The Fifth Beatle,"{""group_name"": ""The People Behind the Music"", ""group_slug"": ""people_behind_the_music"", ""music_docuseries_collection_id"": 7, ""music_docuseries_id"": 40, ""music_docuseries_slug"": ""george_martin"", ""music_docuseries_title"": ""George Martin: The Fifth Beatle""}",backend/scripts/catalogs/master_print_catalog.py#DOCUSERIES_GROUP_ORDER,proposed_pending_gary,No printed D-xxx assignment exists; proposed in catalog story order.
D-066,music_docuseries_story,Quincy Jones: The Producer Who Changed Pop Music,"{""group_name"": ""The People Behind the Music"", ""group_slug"": ""people_behind_the_music"", ""music_docuseries_collection_id"": 7, ""music_docuseries_id"": 41, ""music_docuseries_slug"": ""quincy_jones"", ""music_docuseries_title"": ""Quincy Jones: The Producer Who Changed Pop Music""}",backend/scripts/catalogs/master_print_catalog.py#DOCUSERIES_GROUP_ORDER,proposed_pending_gary,No printed D-xxx assignment exists; proposed in catalog story order.
D-067,music_docuseries_story,Phil Spector: The Wall of Sound,"{""group_name"": ""The People Behind the Music"", ""group_slug"": ""people_behind_the_music"", ""music_docuseries_collection_id"": 7, ""music_docuseries_id"": 42, ""music_docuseries_slug"": ""phil_spector"", ""music_docuseries_title"": ""Phil Spector: The Wall of Sound""}",backend/scripts/catalogs/master_print_catalog.py#DOCUSERIES_GROUP_ORDER,proposed_pending_gary,No printed D-xxx assignment exists; proposed in catalog story order.
D-068,music_docuseries_story,Tom Dowd: The Engineer Who Changed Recording Forever,"{""group_name"": ""The People Behind the Music"", ""group_slug"": ""people_behind_the_music"", ""music_docuseries_collection_id"": 7, ""music_docuseries_id"": 43, ""music_docuseries_slug"": ""tom_dowd"", ""music_docuseries_title"": ""Tom Dowd: The Engineer Who Changed Recording Forever""}",backend/scripts/catalogs/master_print_catalog.py#DOCUSERIES_GROUP_ORDER,proposed_pending_gary,No printed D-xxx assignment exists; proposed in catalog story order.
D-069,music_docuseries_story,Ahmet Ertegun: The Atlantic Records Story,"{""group_name"": ""The People Behind the Music"", ""group_slug"": ""people_behind_the_music"", ""music_docuseries_collection_id"": 7, ""music_docuseries_id"": 44, ""music_docuseries_slug"": ""ahmet_ertegun"", ""music_docuseries_title"": ""Ahmet Ertegun: The Atlantic Records Story""}",backend/scripts/catalogs/master_print_catalog.py#DOCUSERIES_GROUP_ORDER,proposed_pending_gary,No printed D-xxx assignment exists; proposed in catalog story order.
D-070,music_docuseries_story,Clive Davis: The Executive with the Golden Ear,"{""group_name"": ""The People Behind the Music"", ""group_slug"": ""people_behind_the_music"", ""music_docuseries_collection_id"": 7, ""music_docuseries_id"": 45, ""music_docuseries_slug"": ""clive_davis"", ""music_docuseries_title"": ""Clive Davis: The Executive with the Golden Ear""}",backend/scripts/catalogs/master_print_catalog.py#DOCUSERIES_GROUP_ORDER,proposed_pending_gary,No printed D-xxx assignment exists; proposed in catalog story order.
D-071,music_docuseries_story,Brian Epstein: The Man Who Managed the Beatles,"{""group_name"": ""The People Behind the Music"", ""group_slug"": ""people_behind_the_music"", ""music_docuseries_collection_id"": 7, ""music_docuseries_id"": 46, ""music_docuseries_slug"": ""brian_epstein"", ""music_docuseries_title"": ""Brian Epstein: The Man Who Managed the Beatles""}",backend/scripts/catalogs/master_print_catalog.py#DOCUSERIES_GROUP_ORDER,proposed_pending_gary,No printed D-xxx assignment exists; proposed in catalog story order.
D-072,music_docuseries_story,Colonel Tom Parker: The Business of Elvis Presley,"{""group_name"": ""The People Behind the Music"", ""group_slug"": ""people_behind_the_music"", ""music_docuseries_collection_id"": 7, ""music_docuseries_id"": 47, ""music_docuseries_slug"": ""colonel_tom_parker"", ""music_docuseries_title"": ""Colonel Tom Parker: The Business of Elvis Presley""}",backend/scripts/catalogs/master_print_catalog.py#DOCUSERIES_GROUP_ORDER,proposed_pending_gary,No printed D-xxx assignment exists; proposed in catalog story order.
D-073,music_docuseries_story,Les Paul: The Inventor Who Changed Recording Forever,"{""group_name"": ""The People Behind the Music"", ""group_slug"": ""people_behind_the_music"", ""music_docuseries_collection_id"": 7, ""music_docuseries_id"": 48, ""music_docuseries_slug"": ""les_paul"", ""music_docuseries_title"": ""Les Paul: The Inventor Who Changed Recording Forever""}",backend/scripts/catalogs/master_print_catalog.py#DOCUSERIES_GROUP_ORDER,proposed_pending_gary,No printed D-xxx assignment exists; proposed in catalog story order.
D-074,music_docuseries_story,The Day the Music Died,"{""group_name"": ""Mysteries & Tragedies"", ""group_slug"": ""mysteries_tragedies"", ""music_docuseries_collection_id"": 5, ""music_docuseries_id"": 27, ""music_docuseries_slug"": ""day_the_music_died"", ""music_docuseries_title"": ""The Day the Music Died""}",backend/scripts/catalogs/master_print_catalog.py#DOCUSERIES_GROUP_ORDER,proposed_pending_gary,No printed D-xxx assignment exists; proposed in catalog story order.
D-075,music_docuseries_story,The 27 Club,"{""group_name"": ""Mysteries & Tragedies"", ""group_slug"": ""mysteries_tragedies"", ""music_docuseries_collection_id"": 5, ""music_docuseries_id"": 28, ""music_docuseries_slug"": ""the_27_club"", ""music_docuseries_title"": ""The 27 Club""}",backend/scripts/catalogs/master_print_catalog.py#DOCUSERIES_GROUP_ORDER,proposed_pending_gary,No printed D-xxx assignment exists; proposed in catalog story order.
D-076,music_docuseries_story,Lost Recordings and Music Mysteries,"{""group_name"": ""Mysteries & Tragedies"", ""group_slug"": ""mysteries_tragedies"", ""music_docuseries_collection_id"": 5, ""music_docuseries_id"": 29, ""music_docuseries_slug"": ""lost_recordings_music_mysteries"", ""music_docuseries_title"": ""Lost Recordings and Music Mysteries""}",backend/scripts/catalogs/master_print_catalog.py#DOCUSERIES_GROUP_ORDER,proposed_pending_gary,No printed D-xxx assignment exists; proposed in catalog story order.
D-077,music_docuseries_story,The Mystery and Legacy of Pedro Infante,"{""group_name"": ""Mysteries & Tragedies"", ""group_slug"": ""mysteries_tragedies"", ""music_docuseries_collection_id"": 5, ""music_docuseries_id"": 30, ""music_docuseries_slug"": ""mystery_legacy_pedro_infante"", ""music_docuseries_title"": ""The Mystery and Legacy of Pedro Infante""}",backend/scripts/catalogs/master_print_catalog.py#DOCUSERIES_GROUP_ORDER,proposed_pending_gary,No printed D-xxx assignment exists; proposed in catalog story order.
D-078,music_docuseries_story,The Tragic Story of Mamonas Assassinas,"{""group_name"": ""Mysteries & Tragedies"", ""group_slug"": ""mysteries_tragedies"", ""music_docuseries_collection_id"": 5, ""music_docuseries_id"": 31, ""music_docuseries_slug"": ""tragic_story_mamonas_assassinas"", ""music_docuseries_title"": ""The Tragic Story of Mamonas Assassinas""}",backend/scripts/catalogs/master_print_catalog.py#DOCUSERIES_GROUP_ORDER,proposed_pending_gary,No printed D-xxx assignment exists; proposed in catalog story order.
D-079,music_docuseries_story,From Downloads to Streaming: Who Owns the Music?,"{""group_name"": ""Modern Music and Listening"", ""group_slug"": ""modern_music_listening"", ""music_docuseries_collection_id"": 12, ""music_docuseries_id"": 79, ""music_docuseries_slug"": ""downloads_to_streaming"", ""music_docuseries_title"": ""From Downloads to Streaming: Who Owns the Music?""}",backend/scripts/catalogs/master_print_catalog.py#DOCUSERIES_GROUP_ORDER,proposed_pending_gary,No printed D-xxx assignment exists; proposed in catalog story order.
D-080,music_docuseries_story,TikTok and the Fifteen-Second Hit,"{""group_name"": ""Modern Music and Listening"", ""group_slug"": ""modern_music_listening"", ""music_docuseries_collection_id"": 12, ""music_docuseries_id"": 80, ""music_docuseries_slug"": ""tiktok_fifteen_second_hit"", ""music_docuseries_title"": ""TikTok and the Fifteen-Second Hit""}",backend/scripts/catalogs/master_print_catalog.py#DOCUSERIES_GROUP_ORDER,proposed_pending_gary,No printed D-xxx assignment exists; proposed in catalog story order.
D-081,music_docuseries_story,Bedroom Pop: When the Recording Studio Came Home,"{""group_name"": ""Modern Music and Listening"", ""group_slug"": ""modern_music_listening"", ""music_docuseries_collection_id"": 12, ""music_docuseries_id"": 81, ""music_docuseries_slug"": ""rise_of_bedroom_pop"", ""music_docuseries_title"": ""Bedroom Pop: When the Recording Studio Came Home""}",backend/scripts/catalogs/master_print_catalog.py#DOCUSERIES_GROUP_ORDER,proposed_pending_gary,No printed D-xxx assignment exists; proposed in catalog story order.
D-082,music_docuseries_story,EDM and the Rise of the Superstar DJ,"{""group_name"": ""Modern Music and Listening"", ""group_slug"": ""modern_music_listening"", ""music_docuseries_collection_id"": 12, ""music_docuseries_id"": 82, ""music_docuseries_slug"": ""rise_of_edm"", ""music_docuseries_title"": ""EDM and the Rise of the Superstar DJ""}",backend/scripts/catalogs/master_print_catalog.py#DOCUSERIES_GROUP_ORDER,proposed_pending_gary,No printed D-xxx assignment exists; proposed in catalog story order.
D-083,music_docuseries_story,K-Pop: How Korean Music Conquered the World,"{""group_name"": ""Modern Music and Listening"", ""group_slug"": ""modern_music_listening"", ""music_docuseries_collection_id"": 12, ""music_docuseries_id"": 83, ""music_docuseries_slug"": ""kpop_goes_global"", ""music_docuseries_title"": ""K-Pop: How Korean Music Conquered the World""}",backend/scripts/catalogs/master_print_catalog.py#DOCUSERIES_GROUP_ORDER,proposed_pending_gary,No printed D-xxx assignment exists; proposed in catalog story order.
D-084,music_docuseries_story,Afrobeats Meets Latin America,"{""group_name"": ""Modern Music and Listening"", ""group_slug"": ""modern_music_listening"", ""music_docuseries_collection_id"": 12, ""music_docuseries_id"": 84, ""music_docuseries_slug"": ""afrobeats_meets_latin_america"", ""music_docuseries_title"": ""Afrobeats Meets Latin America""}",backend/scripts/catalogs/master_print_catalog.py#DOCUSERIES_GROUP_ORDER,proposed_pending_gary,No printed D-xxx assignment exists; proposed in catalog story order.
D-085,music_docuseries_story,Artificial Intelligence and the Future of Music,"{""group_name"": ""Modern Music and Listening"", ""group_slug"": ""modern_music_listening"", ""music_docuseries_collection_id"": 12, ""music_docuseries_id"": 85, ""music_docuseries_slug"": ""ai_future_of_music"", ""music_docuseries_title"": ""Artificial Intelligence and the Future of Music""}",backend/scripts/catalogs/master_print_catalog.py#DOCUSERIES_GROUP_ORDER,proposed_pending_gary,No printed D-xxx assignment exists; proposed in catalog story order.
D-086,music_docuseries_story,The Vinyl Revival: Why Old Records Came Back,"{""group_name"": ""Modern Music and Listening"", ""group_slug"": ""modern_music_listening"", ""music_docuseries_collection_id"": 12, ""music_docuseries_id"": 86, ""music_docuseries_slug"": ""vinyl_revival"", ""music_docuseries_title"": ""The Vinyl Revival: Why Old Records Came Back""}",backend/scripts/catalogs/master_print_catalog.py#DOCUSERIES_GROUP_ORDER,proposed_pending_gary,No printed D-xxx assignment exists; proposed in catalog story order.
D-087,music_docuseries_story,The Story Behind American Pie,"{""group_name"": ""Songs & Stories"", ""group_slug"": ""songs_stories"", ""music_docuseries_collection_id"": 4, ""music_docuseries_id"": 24, ""music_docuseries_slug"": ""story_behind_american_pie"", ""music_docuseries_title"": ""The Story Behind American Pie""}",backend/scripts/catalogs/master_print_catalog.py#DOCUSERIES_GROUP_ORDER,proposed_pending_gary,No printed D-xxx assignment exists; proposed in catalog story order.
D-088,music_docuseries_story,One-Hit Wonders,"{""group_name"": ""Songs & Stories"", ""group_slug"": ""songs_stories"", ""music_docuseries_collection_id"": 4, ""music_docuseries_id"": 25, ""music_docuseries_slug"": ""one_hit_wonders"", ""music_docuseries_title"": ""One-Hit Wonders""}",backend/scripts/catalogs/master_print_catalog.py#DOCUSERIES_GROUP_ORDER,proposed_pending_gary,No printed D-xxx assignment exists; proposed in catalog story order.
D-089,music_docuseries_story,Songs Banned from Radio,"{""group_name"": ""Songs & Stories"", ""group_slug"": ""songs_stories"", ""music_docuseries_collection_id"": 4, ""music_docuseries_id"": 26, ""music_docuseries_slug"": ""songs_banned_from_radio"", ""music_docuseries_title"": ""Songs Banned from Radio""}",backend/scripts/catalogs/master_print_catalog.py#DOCUSERIES_GROUP_ORDER,proposed_pending_gary,No printed D-xxx assignment exists; proposed in catalog story order.
D-090,music_docuseries_story,Woodstock,"{""group_name"": ""Songs & Stories"", ""group_slug"": ""songs_stories"", ""music_docuseries_collection_id"": 4, ""music_docuseries_id"": 32, ""music_docuseries_slug"": ""woodstock"", ""music_docuseries_title"": ""Woodstock""}",backend/scripts/catalogs/master_print_catalog.py#DOCUSERIES_GROUP_ORDER,proposed_pending_gary,No printed D-xxx assignment exists; proposed in catalog story order.
D-091,music_docuseries_story,Hip-Hop Goes Global,"{""group_name"": ""Modern Music Revolutions"", ""group_slug"": ""modern_music_revolutions"", ""music_docuseries_collection_id"": 14, ""music_docuseries_id"": 101, ""music_docuseries_slug"": ""hip_hop_goes_global"", ""music_docuseries_title"": ""Hip-Hop Goes Global""}",backend/scripts/catalogs/master_print_catalog.py#DOCUSERIES_GROUP_ORDER,proposed_pending_gary,No printed D-xxx assignment exists; proposed in catalog story order.
D-092,music_docuseries_story,Punk Rock Around the World,"{""group_name"": ""Modern Music Revolutions"", ""group_slug"": ""modern_music_revolutions"", ""music_docuseries_collection_id"": 14, ""music_docuseries_id"": 102, ""music_docuseries_slug"": ""punk_rock_around_the_world"", ""music_docuseries_title"": ""Punk Rock Around the World""}",backend/scripts/catalogs/master_print_catalog.py#DOCUSERIES_GROUP_ORDER,proposed_pending_gary,No printed D-xxx assignment exists; proposed in catalog story order.
D-093,music_docuseries_story,Heavy Metal Becomes a Global Language,"{""group_name"": ""Modern Music Revolutions"", ""group_slug"": ""modern_music_revolutions"", ""music_docuseries_collection_id"": 14, ""music_docuseries_id"": 103, ""music_docuseries_slug"": ""heavy_metal_global_language"", ""music_docuseries_title"": ""Heavy Metal Becomes a Global Language""}",backend/scripts/catalogs/master_print_catalog.py#DOCUSERIES_GROUP_ORDER,proposed_pending_gary,No printed D-xxx assignment exists; proposed in catalog story order.
D-094,music_docuseries_story,New Wave and Synth-Pop Around the World,"{""group_name"": ""Modern Music Revolutions"", ""group_slug"": ""modern_music_revolutions"", ""music_docuseries_collection_id"": 14, ""music_docuseries_id"": 104, ""music_docuseries_slug"": ""new_wave_synth_pop_around_the_world"", ""music_docuseries_title"": ""New Wave and Synth-Pop Around the World""}",backend/scripts/catalogs/master_print_catalog.py#DOCUSERIES_GROUP_ORDER,proposed_pending_gary,No printed D-xxx assignment exists; proposed in catalog story order.
D-095,music_docuseries_story,"House, Techno, and Modern Dance Music","{""group_name"": ""Modern Music Revolutions"", ""group_slug"": ""modern_music_revolutions"", ""music_docuseries_collection_id"": 14, ""music_docuseries_id"": 105, ""music_docuseries_slug"": ""house_techno_modern_dance_music"", ""music_docuseries_title"": ""House, Techno, and Modern Dance Music""}",backend/scripts/catalogs/master_print_catalog.py#DOCUSERIES_GROUP_ORDER,proposed_pending_gary,No printed D-xxx assignment exists; proposed in catalog story order.
D-096,music_docuseries_story,"British Rave: Jungle, Garage, and Dubstep","{""group_name"": ""Modern Music Revolutions"", ""group_slug"": ""modern_music_revolutions"", ""music_docuseries_collection_id"": 14, ""music_docuseries_id"": 106, ""music_docuseries_slug"": ""british_rave_jungle_garage_dubstep"", ""music_docuseries_title"": ""British Rave: Jungle, Garage, and Dubstep""}",backend/scripts/catalogs/master_print_catalog.py#DOCUSERIES_GROUP_ORDER,proposed_pending_gary,No printed D-xxx assignment exists; proposed in catalog story order.
D-097,music_docuseries_story,Music and Memory,"{""group_name"": ""Beyond the Music"", ""group_slug"": ""beyond_the_music"", ""music_docuseries_collection_id"": 17, ""music_docuseries_id"": 120, ""music_docuseries_slug"": ""music_and_memory"", ""music_docuseries_title"": ""Music and Memory""}",backend/scripts/catalogs/master_print_catalog.py#DOCUSERIES_GROUP_ORDER,proposed_pending_gary,No printed D-xxx assignment exists; proposed in catalog story order.
D-098,music_docuseries_story,The Science of Earworms,"{""group_name"": ""Beyond the Music"", ""group_slug"": ""beyond_the_music"", ""music_docuseries_collection_id"": 17, ""music_docuseries_id"": 121, ""music_docuseries_slug"": ""science_of_earworms"", ""music_docuseries_title"": ""The Science of Earworms""}",backend/scripts/catalogs/master_print_catalog.py#DOCUSERIES_GROUP_ORDER,proposed_pending_gary,No printed D-xxx assignment exists; proposed in catalog story order.
D-099,music_docuseries_story,Why Music Gives Us Chills,"{""group_name"": ""Beyond the Music"", ""group_slug"": ""beyond_the_music"", ""music_docuseries_collection_id"": 17, ""music_docuseries_id"": 122, ""music_docuseries_slug"": ""why_music_gives_us_chills"", ""music_docuseries_title"": ""Why Music Gives Us Chills""}",backend/scripts/catalogs/master_print_catalog.py#DOCUSERIES_GROUP_ORDER,proposed_pending_gary,No printed D-xxx assignment exists; proposed in catalog story order.
D-100,music_docuseries_story,Music and Dementia,"{""group_name"": ""Beyond the Music"", ""group_slug"": ""beyond_the_music"", ""music_docuseries_collection_id"": 17, ""music_docuseries_id"": 123, ""music_docuseries_slug"": ""music_and_dementia"", ""music_docuseries_title"": ""Music and Dementia""}",backend/scripts/catalogs/master_print_catalog.py#DOCUSERIES_GROUP_ORDER,proposed_pending_gary,No printed D-xxx assignment exists; proposed in catalog story order.
D-101,music_docuseries_story,The Psychology of Musical Nostalgia,"{""group_name"": ""Beyond the Music"", ""group_slug"": ""beyond_the_music"", ""music_docuseries_collection_id"": 17, ""music_docuseries_id"": 124, ""music_docuseries_slug"": ""psychology_of_musical_nostalgia"", ""music_docuseries_title"": ""The Psychology of Musical Nostalgia""}",backend/scripts/catalogs/master_print_catalog.py#DOCUSERIES_GROUP_ORDER,proposed_pending_gary,No printed D-xxx assignment exists; proposed in catalog story order.
D-102,music_docuseries_story,Music and Athletic Performance,"{""group_name"": ""Beyond the Music"", ""group_slug"": ""beyond_the_music"", ""music_docuseries_collection_id"": 17, ""music_docuseries_id"": 125, ""music_docuseries_slug"": ""music_and_athletic_performance"", ""music_docuseries_title"": ""Music and Athletic Performance""}",backend/scripts/catalogs/master_print_catalog.py#DOCUSERIES_GROUP_ORDER,proposed_pending_gary,No printed D-xxx assignment exists; proposed in catalog story order.
D-103,music_docuseries_story,Why Stadium Crowds Sing,"{""group_name"": ""Beyond the Music"", ""group_slug"": ""beyond_the_music"", ""music_docuseries_collection_id"": 17, ""music_docuseries_id"": 126, ""music_docuseries_slug"": ""why_stadium_crowds_sing"", ""music_docuseries_title"": ""Why Stadium Crowds Sing""}",backend/scripts/catalogs/master_print_catalog.py#DOCUSERIES_GROUP_ORDER,proposed_pending_gary,No printed D-xxx assignment exists; proposed in catalog story order.
D-104,music_docuseries_story,The Architecture of Sound,"{""group_name"": ""Beyond the Music"", ""group_slug"": ""beyond_the_music"", ""music_docuseries_collection_id"": 17, ""music_docuseries_id"": 127, ""music_docuseries_slug"": ""architecture_of_sound"", ""music_docuseries_title"": ""The Architecture of Sound""}",backend/scripts/catalogs/master_print_catalog.py#DOCUSERIES_GROUP_ORDER,proposed_pending_gary,No printed D-xxx assignment exists; proposed in catalog story order.
D-105,music_docuseries_story,The Sound of Fear,"{""group_name"": ""Beyond the Music"", ""group_slug"": ""beyond_the_music"", ""music_docuseries_collection_id"": 17, ""music_docuseries_id"": 128, ""music_docuseries_slug"": ""sound_of_fear"", ""music_docuseries_title"": ""The Sound of Fear""}",backend/scripts/catalogs/master_print_catalog.py#DOCUSERIES_GROUP_ORDER,proposed_pending_gary,No printed D-xxx assignment exists; proposed in catalog story order.
D-106,music_docuseries_story,Music in Medicine,"{""group_name"": ""Beyond the Music"", ""group_slug"": ""beyond_the_music"", ""music_docuseries_collection_id"": 17, ""music_docuseries_id"": 129, ""music_docuseries_slug"": ""music_in_medicine"", ""music_docuseries_title"": ""Music in Medicine""}",backend/scripts/catalogs/master_print_catalog.py#DOCUSERIES_GROUP_ORDER,proposed_pending_gary,No printed D-xxx assignment exists; proposed in catalog story order.
D-107,music_docuseries_story,Why Humans Dance,"{""group_name"": ""Beyond the Music"", ""group_slug"": ""beyond_the_music"", ""music_docuseries_collection_id"": 17, ""music_docuseries_id"": 130, ""music_docuseries_slug"": ""why_humans_dance"", ""music_docuseries_title"": ""Why Humans Dance""}",backend/scripts/catalogs/master_print_catalog.py#DOCUSERIES_GROUP_ORDER,proposed_pending_gary,No printed D-xxx assignment exists; proposed in catalog story order.
D-108,music_docuseries_story,Silence: The Sound We Rarely Hear,"{""group_name"": ""Beyond the Music"", ""group_slug"": ""beyond_the_music"", ""music_docuseries_collection_id"": 17, ""music_docuseries_id"": 131, ""music_docuseries_slug"": ""silence_the_sound_we_rarely_hear"", ""music_docuseries_title"": ""Silence: The Sound We Rarely Hear""}",backend/scripts/catalogs/master_print_catalog.py#DOCUSERIES_GROUP_ORDER,proposed_pending_gary,No printed D-xxx assignment exists; proposed in catalog story order.
D-109,music_docuseries_story,Choro: Brazil's Music Before Samba,"{""group_name"": ""Brazil and New Global Sounds"", ""group_slug"": ""brazil_and_new_global_sounds"", ""music_docuseries_collection_id"": 16, ""music_docuseries_id"": 67, ""music_docuseries_slug"": ""story_of_choro"", ""music_docuseries_title"": ""Choro: Brazil's Music Before Samba""}",backend/scripts/catalogs/master_print_catalog.py#DOCUSERIES_GROUP_ORDER,proposed_pending_gary,No printed D-xxx assignment exists; proposed in catalog story order.
D-110,music_docuseries_story,Forró: The Dance Music of Northeastern Brazil,"{""group_name"": ""Brazil and New Global Sounds"", ""group_slug"": ""brazil_and_new_global_sounds"", ""music_docuseries_collection_id"": 16, ""music_docuseries_id"": 68, ""music_docuseries_slug"": ""story_of_forro"", ""music_docuseries_title"": ""Forr\u00f3: The Dance Music of Northeastern Brazil""}",backend/scripts/catalogs/master_print_catalog.py#DOCUSERIES_GROUP_ORDER,proposed_pending_gary,No printed D-xxx assignment exists; proposed in catalog story order.
D-111,music_docuseries_story,Tropicália: Brazil's Musical Revolution,"{""group_name"": ""Brazil and New Global Sounds"", ""group_slug"": ""brazil_and_new_global_sounds"", ""music_docuseries_collection_id"": 16, ""music_docuseries_id"": 65, ""music_docuseries_slug"": ""tropicalia_revolution"", ""music_docuseries_title"": ""Tropic\u00e1lia: Brazil's Musical Revolution""}",backend/scripts/catalogs/master_print_catalog.py#DOCUSERIES_GROUP_ORDER,proposed_pending_gary,No printed D-xxx assignment exists; proposed in catalog story order.
D-112,music_docuseries_story,MPB: The Sound of Modern Brazil,"{""group_name"": ""Brazil and New Global Sounds"", ""group_slug"": ""brazil_and_new_global_sounds"", ""music_docuseries_collection_id"": 16, ""music_docuseries_id"": 66, ""music_docuseries_slug"": ""story_of_mpb"", ""music_docuseries_title"": ""MPB: The Sound of Modern Brazil""}",backend/scripts/catalogs/master_print_catalog.py#DOCUSERIES_GROUP_ORDER,proposed_pending_gary,No printed D-xxx assignment exists; proposed in catalog story order.
D-113,music_docuseries_story,Brazilian Rock,"{""group_name"": ""Brazil and New Global Sounds"", ""group_slug"": ""brazil_and_new_global_sounds"", ""music_docuseries_collection_id"": 16, ""music_docuseries_id"": 114, ""music_docuseries_slug"": ""brazilian_rock"", ""music_docuseries_title"": ""Brazilian Rock""}",backend/scripts/catalogs/master_print_catalog.py#DOCUSERIES_GROUP_ORDER,proposed_pending_gary,No printed D-xxx assignment exists; proposed in catalog story order.
D-114,music_docuseries_story,Axé: The Carnival Sound of Bahia,"{""group_name"": ""Brazil and New Global Sounds"", ""group_slug"": ""brazil_and_new_global_sounds"", ""music_docuseries_collection_id"": 16, ""music_docuseries_id"": 69, ""music_docuseries_slug"": ""story_of_axe"", ""music_docuseries_title"": ""Ax\u00e9: The Carnival Sound of Bahia""}",backend/scripts/catalogs/master_print_catalog.py#DOCUSERIES_GROUP_ORDER,proposed_pending_gary,No printed D-xxx assignment exists; proposed in catalog story order.
D-115,music_docuseries_story,Brazilian Funk: From the Favelas to the World,"{""group_name"": ""Brazil and New Global Sounds"", ""group_slug"": ""brazil_and_new_global_sounds"", ""music_docuseries_collection_id"": 16, ""music_docuseries_id"": 115, ""music_docuseries_slug"": ""brazilian_funk"", ""music_docuseries_title"": ""Brazilian Funk: From the Favelas to the World""}",backend/scripts/catalogs/master_print_catalog.py#DOCUSERIES_GROUP_ORDER,proposed_pending_gary,No printed D-xxx assignment exists; proposed in catalog story order.
D-116,music_docuseries_story,"Axé, Pagode, and Modern Sertanejo","{""group_name"": ""Brazil and New Global Sounds"", ""group_slug"": ""brazil_and_new_global_sounds"", ""music_docuseries_collection_id"": 16, ""music_docuseries_id"": 116, ""music_docuseries_slug"": ""axe_pagode_and_modern_sertanejo"", ""music_docuseries_title"": ""Ax\u00e9, Pagode, and Modern Sertanejo""}",backend/scripts/catalogs/master_print_catalog.py#DOCUSERIES_GROUP_ORDER,proposed_pending_gary,No printed D-xxx assignment exists; proposed in catalog story order.
D-117,music_docuseries_story,Brazilian Hip-Hop and Rap Nacional,"{""group_name"": ""Brazil and New Global Sounds"", ""group_slug"": ""brazil_and_new_global_sounds"", ""music_docuseries_collection_id"": 16, ""music_docuseries_id"": 119, ""music_docuseries_slug"": ""brazilian_hip_hop_and_rap_nacional"", ""music_docuseries_title"": ""Brazilian Hip-Hop and Rap Nacional""}",backend/scripts/catalogs/master_print_catalog.py#DOCUSERIES_GROUP_ORDER,proposed_pending_gary,No printed D-xxx assignment exists; proposed in catalog story order.
D-118,music_docuseries_story,"K-Pop, J-Pop, and Asian Pop","{""group_name"": ""Brazil and New Global Sounds"", ""group_slug"": ""brazil_and_new_global_sounds"", ""music_docuseries_collection_id"": 16, ""music_docuseries_id"": 117, ""music_docuseries_slug"": ""k_pop_j_pop_and_asian_pop"", ""music_docuseries_title"": ""K-Pop, J-Pop, and Asian Pop""}",backend/scripts/catalogs/master_print_catalog.py#DOCUSERIES_GROUP_ORDER,proposed_pending_gary,No printed D-xxx assignment exists; proposed in catalog story order.
D-119,music_docuseries_story,"Afrobeats, Amapiano, and Music Without Borders","{""group_name"": ""Brazil and New Global Sounds"", ""group_slug"": ""brazil_and_new_global_sounds"", ""music_docuseries_collection_id"": 16, ""music_docuseries_id"": 118, ""music_docuseries_slug"": ""afrobeats_amapiano_music_without_borders"", ""music_docuseries_title"": ""Afrobeats, Amapiano, and Music Without Borders""}",backend/scripts/catalogs/master_print_catalog.py#DOCUSERIES_GROUP_ORDER,proposed_pending_gary,No printed D-xxx assignment exists; proposed in catalog story order.
D-120,music_docuseries_story,The Corrido: Mexico's Musical Newspaper,"{""group_name"": ""Mexico and the Border"", ""group_slug"": ""mexico_border"", ""music_docuseries_collection_id"": 8, ""music_docuseries_id"": 49, ""music_docuseries_slug"": ""history_of_corrido"", ""music_docuseries_title"": ""The Corrido: Mexico's Musical Newspaper""}",backend/scripts/catalogs/master_print_catalog.py#DOCUSERIES_GROUP_ORDER,proposed_pending_gary,No printed D-xxx assignment exists; proposed in catalog story order.
D-121,music_docuseries_story,Bolero and the Golden Age of the Trío Romántico,"{""group_name"": ""Mexico and the Border"", ""group_slug"": ""mexico_border"", ""music_docuseries_collection_id"": 8, ""music_docuseries_id"": 50, ""music_docuseries_slug"": ""golden_age_bolero"", ""music_docuseries_title"": ""Bolero and the Golden Age of the Tr\u00edo Rom\u00e1ntico""}",backend/scripts/catalogs/master_print_catalog.py#DOCUSERIES_GROUP_ORDER,proposed_pending_gary,No printed D-xxx assignment exists; proposed in catalog story order.
D-122,music_docuseries_story,Banda Sinaloense: The Sound of Northern Mexico,"{""group_name"": ""Mexico and the Border"", ""group_slug"": ""mexico_border"", ""music_docuseries_collection_id"": 8, ""music_docuseries_id"": 51, ""music_docuseries_slug"": ""banda_sinaloense"", ""music_docuseries_title"": ""Banda Sinaloense: The Sound of Northern Mexico""}",backend/scripts/catalogs/master_print_catalog.py#DOCUSERIES_GROUP_ORDER,proposed_pending_gary,No printed D-xxx assignment exists; proposed in catalog story order.
D-123,music_docuseries_story,Grupera: When Regional Mexican Music Went Pop,"{""group_name"": ""Mexico and the Border"", ""group_slug"": ""mexico_border"", ""music_docuseries_collection_id"": 8, ""music_docuseries_id"": 52, ""music_docuseries_slug"": ""rise_of_grupera"", ""music_docuseries_title"": ""Grupera: When Regional Mexican Music Went Pop""}",backend/scripts/catalogs/master_print_catalog.py#DOCUSERIES_GROUP_ORDER,proposed_pending_gary,No printed D-xxx assignment exists; proposed in catalog story order.
D-124,music_docuseries_story,Mexican Rock and the Festival de Avándaro,"{""group_name"": ""Mexico and the Border"", ""group_slug"": ""mexico_border"", ""music_docuseries_collection_id"": 8, ""music_docuseries_id"": 53, ""music_docuseries_slug"": ""mexican_rock_avandaro"", ""music_docuseries_title"": ""Mexican Rock and the Festival de Av\u00e1ndaro""}",backend/scripts/catalogs/master_print_catalog.py#DOCUSERIES_GROUP_ORDER,proposed_pending_gary,No printed D-xxx assignment exists; proposed in catalog story order.
D-125,music_docuseries_story,Sonidero Culture and Mexico's Love Affair with Cumbia,"{""group_name"": ""Mexico and the Border"", ""group_slug"": ""mexico_border"", ""music_docuseries_collection_id"": 8, ""music_docuseries_id"": 54, ""music_docuseries_slug"": ""sonidero_culture"", ""music_docuseries_title"": ""Sonidero Culture and Mexico's Love Affair with Cumbia""}",backend/scripts/catalogs/master_print_catalog.py#DOCUSERIES_GROUP_ORDER,proposed_pending_gary,No printed D-xxx assignment exists; proposed in catalog story order.
D-126,music_docuseries_story,Tejano Music: Born on Both Sides of the Border,"{""group_name"": ""Mexico and the Border"", ""group_slug"": ""mexico_border"", ""music_docuseries_collection_id"": 8, ""music_docuseries_id"": 55, ""music_docuseries_slug"": ""tejano_border_music"", ""music_docuseries_title"": ""Tejano Music: Born on Both Sides of the Border""}",backend/scripts/catalogs/master_print_catalog.py#DOCUSERIES_GROUP_ORDER,proposed_pending_gary,No printed D-xxx assignment exists; proposed in catalog story order.
D-127,music_docuseries_story,Border Blasters: The Powerful Radio Stations Broadcasting from Mexico,"{""group_name"": ""Mexico and the Border"", ""group_slug"": ""mexico_border"", ""music_docuseries_collection_id"": 8, ""music_docuseries_id"": 56, ""music_docuseries_slug"": ""border_blasters"", ""music_docuseries_title"": ""Border Blasters: The Powerful Radio Stations Broadcasting from Mexico""}",backend/scripts/catalogs/master_print_catalog.py#DOCUSERIES_GROUP_ORDER,proposed_pending_gary,No printed D-xxx assignment exists; proposed in catalog story order.
